Date,Actual,Predicted
2020-10-21,-0.0041528937636967,-0.0100794988971735
2020-10-22,-0.0012338064489285,-0.0041528937636967
2020-10-23,-0.0016989733023349,-0.0012338064489285
2020-10-26,-0.004492996945586,-0.0016989733023349
2020-10-27,0.0141846349919565,-0.004492996945586
2020-10-28,0.005343932100617,0.0141846349919565
2020-10-29,-0.0102549303072443,0.005343932100617
2020-10-30,-0.0015396461855927,-0.0102549303072443
2020-11-02,-0.01240325978342,-0.0015396461855927
2020-11-03,-0.010665094816423,-0.01240325978342
2020-11-04,-0.0034749679573895,-0.010665094816423
2020-11-05,-0.0093792913955925,-0.0034749679573895
2020-11-06,-0.0164254900582672,-0.0093792913955925
2020-11-09,0.0146670370434041,-0.0164254900582672
2020-11-10,0.0,0.0146670370434041
2020-11-11,-0.0033656574763019,0.0
2020-11-12,-0.001124407796563,-0.0033656574763019
2020-11-13,-0.0153861647319275,-0.001124407796563
2020-11-16,0.0063450957204409,-0.0153861647319275
2020-11-17,0.0006485084533376,0.0063450957204409
2020-11-18,0.0019430057926284,0.0006485084533376
2020-11-19,-0.0105700634494967,0.0019430057926284
2020-11-20,0.0083028560006002,-0.0105700634494967
2020-11-23,-0.0132192867492406,0.0083028560006002
2020-11-24,0.0,-0.0132192867492406
2020-11-25,0.0,0.0
2020-11-26,0.0,0.0
2020-11-27,0.0140295938999712,0.0
2020-11-30,-0.0105855560553727,0.0140295938999712
2020-12-01,0.0035953625917337,-0.0105855560553727
2020-12-02,-0.0103305009879588,0.0035953625917337
2020-12-03,0.0001648125261248,-0.0103305009879588
2020-12-04,-0.0029707894435357,0.0001648125261248
2020-12-07,-0.0064671479857252,-0.0029707894435357
2020-12-08,-0.0051705560944843,-0.0064671479857252
2020-12-09,0.006002018684998,-0.0051705560944843
2020-12-10,0.0058009609926457,0.006002018684998
2020-12-11,-0.0054685694323306,0.0058009609926457
2020-12-14,-0.0106917156142691,-0.0054685694323306
2020-12-15,-0.0031962345319529,-0.0106917156142691
2020-12-16,-0.0116940575063724,-0.0031962345319529
2020-12-17,-0.0092482248472225,-0.0116940575063724
2020-12-18,0.0025775424529008,-0.0092482248472225
2020-12-21,0.0058179493333549,0.0025775424529008
2020-12-22,-0.0051317252542735,0.0058179493333549
2020-12-23,0.0,-0.0051317252542735
2020-12-24,0.0,0.0
2020-12-25,0.0029112102074586,0.0
2020-12-28,0.004095568864737,0.0029112102074586
2020-12-29,-0.0051220873466655,0.004095568864737
2020-12-30,0.0030763996233722,-0.0051220873466655
2020-12-31,0.0,0.0030763996233722
2021-01-01,0.006124551298114,0.0
2021-01-04,0.0174853143410196,0.006124551298114
2021-01-05,0.0073065751824379,0.0174853143410196
2021-01-06,0.019497627569613,0.0073065751824379
2021-01-07,-0.0109308535957608,0.019497627569613
2021-01-08,0.0160322118546942,-0.0109308535957608
2021-01-11,-0.0093290068320794,0.0160322118546942
2021-01-12,-0.0063751748408971,-0.0093290068320794
2021-01-13,-0.009556836619339,-0.0063751748408971
2021-01-14,0.0042953973196655,-0.009556836619339
2021-01-15,0.0,0.0042953973196655
2021-01-18,-0.0146133454046433,0.0
2021-01-19,0.0,-0.0146133454046433
2021-01-20,-0.0035190652151957,0.0
2021-01-21,0.0113504807301683,-0.0035190652151957
2021-01-22,0.0100735720980607,0.0113504807301683
2021-01-25,-0.0072559685102988,0.0100735720980607
2021-01-26,0.0065985062906923,-0.0072559685102988
2021-01-27,-0.0080891897965482,0.0065985062906923
2021-01-28,0.003639977546431,-0.0080891897965482
2021-01-29,-0.0071269051143274,0.003639977546431
2021-02-01,-0.0040000053333462,-0.0071269051143274
2021-02-02,-0.002675586880438,-0.0040000053333462
2021-02-03,0.008005379643786,-0.002675586880438
2021-02-04,-0.0111919651494769,0.008005379643786
2021-02-05,-0.0010084034467965,-0.0111919651494769
2021-02-08,-0.0072568034262849,-0.0010084034467965
2021-02-09,-0.0027137058715962,-0.0072568034262849
2021-02-10,-0.0061328982686972,-0.0027137058715962
2021-02-11,-0.0075472056353831,-0.0061328982686972
2021-02-12,0.0,-0.0075472056353831
2021-02-15,0.0094251404595833,0.0
2021-02-16,0.0015338733301364,0.0094251404595833
2021-02-17,-0.0034118081543366,0.0015338733301364
2021-02-18,-0.0003418219141129,-0.0034118081543366
2021-02-19,0.0051151006667704,-0.0003418219141129
2021-02-22,-0.0087113028471228,0.0051151006667704
2021-02-23,-0.0020607941347883,-0.0087113028471228
2021-02-24,0.0227746077340906,-0.0020607941347883
2021-02-25,0.0186454544268785,0.0227746077340906
2021-02-26,-0.013951397190826,0.0186454544268785
2021-03-01,0.0001672380637729,-0.013951397190826
2021-03-02,0.0033389012655145,0.0001672380637729
2021-03-03,0.006147730586234,0.0033389012655145
2021-03-04,0.0201695777311394,0.006147730586234
2021-03-05,0.0087280334254269,0.0201695777311394
2021-03-08,-0.010840653045983,0.0087280334254269
2021-03-09,-0.017229074960392,-0.010840653045983
2021-03-10,-0.0175311276759422,-0.017229074960392
2021-03-11,0.0048727308040183,-0.0175311276759422
2021-03-12,0.0016747617379597,0.0048727308040183
2021-03-15,-0.0053691404150582,0.0016747617379597
2021-03-16,0.0016809551781262,-0.0053691404150582
2021-03-17,-0.0082638129442589,0.0016809551781262
2021-03-18,-0.0025434519858302,-0.0082638129442589
2021-03-19,-0.0016992357529597,-0.0025434519858302
2021-03-22,0.0015294420518983,-0.0016992357529597
2021-03-23,0.0098006867620226,0.0015294420518983
2021-03-24,0.0118680874833971,0.0098006867620226
2021-03-25,-0.0033288978810364,0.0118680874833971
2021-03-26,-0.0075307861555642,-0.0033288978810364
2021-03-29,0.001846102731239,-0.0075307861555642
2021-03-30,-0.0109585518815538,0.001846102731239
2021-03-31,-0.0069745966153966,-0.0109585518815538
2021-04-01,4.77967409544533e-05,-0.0069745966153966
2021-04-02,-0.0077592564272825,4.77967409544533e-05
2021-04-05,-0.0005162178553934,-0.0077592564272825
2021-04-06,0.0001721022291487,-0.0005162178553934
2021-04-07,-0.0012053380710272,0.0001721022291487
2021-04-08,0.0051555364235884,-0.0012053380710272
2021-04-09,-0.000685871083129,0.0051555364235884
2021-04-12,-0.0036085613520051,-0.000685871083129
2021-04-13,-0.0091656499852743,-0.0036085613520051
2021-04-14,-0.0157593876167965,-0.0091656499852743
2021-04-15,0.0101844602858798,-0.0157593876167965
2021-04-16,-0.005079264795059,0.0101844602858798
2021-04-19,0.0024552800829766,-0.005079264795059
2021-04-20,-0.0026308881262764,0.0024552800829766
2021-04-21,0.0040312034259883,-0.0026308881262764
2021-04-22,-0.0012251686139155,0.0040312034259883
2021-04-23,-0.0017528488274143,-0.0012251686139155
2021-04-26,0.0073414068583677,-0.0017528488274143
2021-04-27,-0.0062893289075636,0.0073414068583677
2021-04-28,0.0031496089028961,-0.0062893289075636
2021-04-29,0.0125001627642311,0.0031496089028961
2021-04-30,-0.0070989822845897,0.0125001627642311
2021-05-03,0.0067538571733125,-0.0070989822845897
2021-05-04,-0.0084929880464397,0.0067538571733125
2021-05-05,-0.0097954255322085,-0.0084929880464397
2021-05-06,-0.0118470132841701,-0.0097954255322085
2021-05-07,-0.0040994621175838,-0.0118470132841701
2021-05-10,-0.0014298483222483,-0.0040994621175838
2021-05-11,0.0065959772076347,-0.0014298483222483
2021-05-12,0.00266169973486,0.0065959772076347
2021-05-13,0.0003543586146226,0.00266169973486
2021-05-14,-0.0005315850218208,0.0003543586146226
2021-05-17,-0.006757984105044,-0.0005315850218208
2021-05-18,0.0003568242678357,-0.006757984105044
2021-05-19,-0.0032160113478809,0.0003568242678357
2021-05-20,-0.0019704439872985,-0.0032160113478809
2021-05-21,-0.0016150743752985,-0.0019704439872985
2021-05-24,-0.0048609331469058,-0.0016150743752985
2021-05-25,-0.00669988925417,-0.0048609331469058
2021-05-26,0.0018152119705625,-0.00669988925417
2021-05-27,-0.0027240550759275,0.0018152119705625
2021-05-28,0.0,-0.0027240550759275
2021-05-31,0.0005454049767052,0.0
2021-06-01,-0.0142781118642885,0.0005454049767052
2021-06-02,0.0060656375660004,-0.0142781118642885
2021-06-03,-0.0142108140304015,0.0060656375660004
2021-06-04,0.0037105793965355,-0.0142108140304015
2021-06-07,0.0053560013530855,0.0037105793965355
2021-06-08,0.0071579639383889,0.0053560013530855
2021-06-09,-0.0051338579938517,0.0071579639383889
2021-06-10,0.0093313274288839,-0.0051338579938517
2021-06-11,0.0014558692289421,0.0093313274288839
2021-06-14,0.0063446238390567,0.0014558692289421
2021-06-15,-0.010170810523848,0.0063446238390567
2021-06-16,0.0300301267607392,-0.010170810523848
2021-06-17,0.0128488962984945,0.0300301267607392
2021-06-18,-0.0036793734018614,0.0128488962984945
2021-06-21,0.0062992334279869,-0.0036793734018614
2021-06-22,-0.0108734848943545,0.0062992334279869
2021-06-23,0.0054515214585895,-0.0108734848943545
2021-06-24,-0.0111102456654355,0.0054515214585895
2021-06-25,0.0075965386069514,-0.0111102456654355
2021-06-28,0.0084122472946517,0.0075965386069514
2021-06-29,-0.0024462706590271,0.0084122472946517
2021-06-30,0.010268996340236,-0.0024462706590271
2021-07-01,-0.0121952730938179,0.010268996340236
2021-07-02,0.0,-0.0121952730938179
2021-07-05,0.0073349962115654,0.0
2021-07-06,-0.0017415539058704,0.0073349962115654
2021-07-07,-0.0038421283729599,-0.0017415539058704
2021-07-08,-0.002101945072372,-0.0038421283729599
2021-07-09,0.0099451225333977,-0.002101945072372
2021-07-12,0.0141357292577493,0.0099451225333977
2021-07-13,-0.0036011356759506,0.0141357292577493
2021-07-14,-0.0003436426150655,-0.0036011356759506
2021-07-15,-0.010190950966733,-0.0003436426150655
2021-07-16,0.007782140442055,-0.010190950966733
2021-07-19,0.0078929716562443,0.007782140442055
2021-07-20,-0.0035955864436982,0.0078929716562443
2021-07-21,0.0104087621771493,-0.0035955864436982
2021-07-22,0.0060924202661509,0.0104087621771493
2021-07-23,-0.0021957613754155,0.0060924202661509
2021-07-26,0.0013518082491139,-0.0021957613754155
2021-07-27,0.0006752194719736,0.0013518082491139
2021-07-28,-0.0180491874080268,0.0006752194719736
2021-07-29,0.0024026097021834,-0.0180491874080268
2021-07-30,-0.0125918006952838,0.0024026097021834
2021-08-02,-0.0067926761223273,-0.0125918006952838
2021-08-03,0.0057506475459274,-0.0067926761223273
2021-08-04,-0.0019132104279231,0.0057506475459274
2021-08-05,0.018285829497842,-0.0019132104279231
2021-08-06,0.0074932230717377,0.018285829497842
2021-08-09,0.0042326313930853,0.0074932230717377
2021-08-10,-0.00950609772651,0.0042326313930853
2021-08-11,0.0079844134359285,-0.00950609772651
2021-08-12,-0.0037294499914315,0.0079844134359285
2021-08-13,0.0042369354121176,-0.0037294499914315
2021-08-16,0.0059017117592157,0.0042369354121176
2021-08-17,0.0041942851522605,0.0059017117592157
2021-08-18,0.0134698968493576,0.0041942851522605
2021-08-19,0.0129648160443198,0.0134698968493576
2021-08-20,-0.0095020374172345,0.0129648160443198
2021-08-23,-0.0102581971691804,-0.0095020374172345
2021-08-24,-0.0045003826269245,-0.0102581971691804
2021-08-25,-0.0043529283532488,-0.0045003826269245
2021-08-26,-0.0119842771148244,-0.0043529283532488
2021-08-27,-0.0057902069127533,-0.0119842771148244
2021-08-30,-0.0089209718412091,-0.0057902069127533
2021-08-31,-0.0084797600791151,-0.0089209718412091
2021-09-01,0.0053730955162838,-0.0084797600791151
2021-09-02,-0.0130493369777213,0.0053730955162838
2021-09-03,0.0,-0.0130493369777213
2021-09-06,0.0024488380262859,0.0
2021-09-07,-0.004552625618488,0.0024488380262859
2021-09-08,-0.0081057712534353,-0.004552625618488
2021-09-09,0.0031796529173795,-0.0081057712534353
2021-09-10,-0.0030027400465071,0.0031796529173795
2021-09-13,0.0096823219214363,-0.0030027400465071
2021-09-14,0.013572506939353,0.0096823219214363
2021-09-15,0.0080902412175571,0.013572506939353
2021-09-16,0.0105730862178341,0.0080902412175571
2021-09-17,0.0038940199886834,0.0105730862178341
2021-09-20,0.0018570107472126,0.0038940199886834
2021-09-21,-0.0072789149139493,0.0018570107472126
2021-09-22,0.0020366605818034,-0.0072789149139493
2021-09-23,0.0133054594490324,0.0020366605818034
2021-09-24,-0.0010043522772615,0.0133054594490324
2021-09-27,0.0111584137197917,-0.0010043522772615
2021-09-28,0.0042968170554233,0.0111584137197917
2021-09-29,-0.007614670132217,0.0042968170554233
2021-09-30,-0.0120362536319476,-0.007614670132217
2021-10-01,0.0092073974314699,-0.0120362536319476
2021-10-04,-0.0018347098800179,0.0092073974314699
2021-10-05,0.0053280179321841,-0.0018347098800179
2021-10-06,-0.0123644014616335,0.0053280179321841
2021-10-07,0.0043616911960095,-0.0123644014616335
2021-10-08,0.0,0.0043616911960095
2021-10-11,0.0008366101048493,0.0
2021-10-12,-0.0095791002193679,0.0008366101048493
2021-10-13,-0.0015209128407067,-0.0095791002193679
2021-10-14,-0.0096865401796821,-0.0015209128407067
2021-10-15,0.0017061938962483,-0.0096865401796821
2021-10-18,-0.0099366930327642,0.0017061938962483
2021-10-19,-0.0060444014436984,-0.0099366930327642
2021-10-20,0.0101681186275608,-0.0060444014436984
2021-10-21,0.0153142349730424,0.0101681186275608
2021-10-22,-0.0066073937970805,0.0153142349730424
2021-10-25,0.0099789411580966,-0.0066073937970805
2021-10-26,0.0122105723862264,0.0099789411580966
2021-10-27,0.0046442279527791,0.0122105723862264
2021-10-28,0.0098798761829366,0.0046442279527791
2021-10-29,0.0084843060740587,0.0098798761829366
2021-11-01,0.0019477363729389,0.0084843060740587
2021-11-02,0.0012963865046851,0.0019477363729389
2021-11-03,-0.0155041865359653,0.0012963865046851
2021-11-04,-0.0067662606523115,-0.0155041865359653
2021-11-05,-0.0128324400698844,-0.0067662606523115
2021-11-08,0.010345495241713,-0.0128324400698844
2021-11-09,0.0174432594505273,0.010345495241713
2021-11-10,0.0,0.0174432594505273
2021-11-11,-0.0019595042194082,0.0
2021-11-12,-0.0036024273443664,-0.0019595042194082
2021-11-15,0.0185280775610423,-0.0036024273443664
2021-11-16,-0.0017729072256051,0.0185280775610423
2021-11-17,0.0080334622271625,-0.0017729072256051
2021-11-18,0.0054261224738652,0.0080334622271625
2021-11-19,0.0044465691812924,0.0054261224738652
2021-11-22,0.0033219994166633,0.0044465691812924
2021-11-23,0.0036257626226516,0.0033219994166633
2021-11-24,0.0,0.0036257626226516
2021-11-25,0.0210206260745811,0.0
2021-11-26,-0.0020050905152184,0.0210206260745811
2021-11-29,-0.0122719986734538,-0.0020050905152184
2021-11-30,-0.0056426482003737,-0.0122719986734538
2021-12-01,0.0,-0.0056426482003737
2021-12-02,0.0135822867012875,0.0
2021-12-03,-0.0135822867012875,0.0135822867012875
2021-12-06,-0.0006289308383418,-0.0135822867012875
2021-12-07,-0.0120254613721559,-0.0006289308383418
2021-12-08,0.0157931267395969,-0.0120254613721559
2021-12-09,0.0015656806079218,0.0157931267395969
2021-12-10,0.0012507819016525,0.0015656806079218
2021-12-13,0.0080921698973361,0.0012507819016525
2021-12-14,0.0034904913457305,0.0080921698973361
2021-12-15,-0.0139291621241901,0.0034904913457305
2021-12-16,-0.0072304621824734,-0.0139291621241901
2021-12-17,-0.004902358201237,-0.0072304621824734
2021-12-20,0.0063211335633703,-0.004902358201237
2021-12-21,-0.0034716777807055,0.0063211335633703
2021-12-22,-0.0119266739337815,-0.0034716777807055
2021-12-23,0.0,-0.0119266739337815
2021-12-24,-0.0067415985669194,0.0
2021-12-27,0.0132791328132753,-0.0067415985669194
2021-12-28,0.0145158749514764,0.0132791328132753
2021-12-29,-0.0018814680997056,0.0145158749514764
2021-12-30,0.0,-0.0018814680997056
2021-12-31,-0.0061393345135085,0.0
2022-01-03,0.0105239328313326,-0.0061393345135085
2022-01-04,-0.0147964292427569,0.0105239328313326
2022-01-05,-0.0036539877020591,-0.0147964292427569
2022-01-06,-0.008792319449058,-0.0036539877020591
2022-01-07,0.0083147265083551,-0.008792319449058
2022-01-10,-0.0120145618235367,0.0083147265083551
2022-01-11,-0.0116713920127238,-0.0120145618235367
2022-01-12,0.0029306435823848,-0.0116713920127238
2022-01-13,0.0001625619771115,0.0029306435823848
2022-01-14,0.0,0.0001625619771115
2022-01-17,0.0056730843455086,0.0
2022-01-18,-0.0115420284820357,0.0056730843455086
2022-01-19,-0.0121732051023353,-0.0115420284820357
2022-01-20,-0.0023198022002315,-0.0121732051023353
2022-01-21,0.018409461394802,-0.0023198022002315
2022-01-24,-0.0047343162462722,0.018409461394802
2022-01-25,-0.0055792727595602,-0.0047343162462722
2022-01-26,0.0174541581319025,-0.0055792727595602
2022-01-27,0.0107761396645544,0.0174541581319025
2022-01-28,-0.0148270242447692,0.0107761396645544
2022-01-31,-0.0076603748406869,-0.0148270242447692
2022-02-01,0.0068482250356307,-0.0076603748406869
2022-02-02,-0.0068482250356307,0.0068482250356307
2022-02-03,0.0123578808466007,-0.0068482250356307
2022-02-04,0.0027434859457504,0.0123578808466007
2022-02-07,-0.0105306764975194,0.0027434859457504
2022-02-08,-0.0076841708926935,-0.0105306764975194
2022-02-09,-0.0135494472093324,-0.0076841708926935
2022-02-10,0.0036532754015996,-0.0135494472093324
2022-02-11,0.0016561779207968,0.0036532754015996
2022-02-14,-0.0021535666403273,0.0016561779207968
2022-02-15,-0.0009955202415015,-0.0021535666403273
2022-02-16,-0.0059940239402105,-0.0009955202415015
2022-02-17,0.0098048147336937,-0.0059940239402105
2022-02-18,0.0,0.0098048147336937
2022-02-21,-0.004807303083222,0.0
2022-02-22,0.0034834571179103,-0.004807303083222
2022-02-23,0.0217844991751503,0.0034834571179103
2022-02-24,-0.0148537783629416,0.0217844991751503
2022-02-25,0.0127452705669335,-0.0148537783629416
2022-02-28,0.0011359027590525,0.0127452705669335
2022-03-01,-0.0081420413971429,0.0011359027590525
2022-03-02,-0.0049172365920364,-0.0081420413971429
2022-03-03,0.0120857260706492,-0.0049172365920364
2022-03-04,-0.0030891821981664,0.0120857260706492
2022-03-07,-0.0032621134783292,-0.0030891821981664
2022-03-08,-0.0201326931979766,-0.0032621134783292
2022-03-09,0.0028297979765823,-0.0201326931979766
2022-03-10,0.0013289038500539,0.0028297979765823
2022-03-11,0.0,0.0013289038500539
2022-03-14,0.0028180706590115,0.0
2022-03-15,-0.0061436473853886,0.0028180706590115
2022-03-16,-0.0090346942136769,-0.0061436473853886
2022-03-17,0.0080348607692788,-0.0090346942136769
2022-03-18,-0.0065233985619754,0.0080348607692788
2022-03-21,-0.0035303054232738,-0.0065233985619754
2022-03-22,-0.0062505482665362,-0.0035303054232738
2022-03-23,-0.0146810421044039,-0.0062505482665362
2022-03-24,0.0029192087357294,-0.0146810421044039
2022-03-25,0.0081967672041782,0.0029192087357294
2022-03-28,-0.0099129165871039,0.0081967672041782
2022-03-29,-0.0053388570797787,-0.0099129165871039
2022-03-30,0.0094526784454012,-0.0053388570797787
2022-03-31,0.0029037512930241,0.0094526784454012
2022-04-01,-0.0056444176196772,0.0029037512930241
2022-04-04,0.0049619402002507,-0.0056444176196772
2022-04-05,-0.0003414134550063,0.0049619402002507
2022-04-06,0.0105299886009428,-0.0003414134550063
2022-04-07,-0.0101885751459365,0.0105299886009428
2022-04-08,-0.0030769255044793,-0.0101885751459365
2022-04-11,-0.0077339905997364,-0.0030769255044793
2022-04-12,0.0031007776782483,-0.0077339905997364
2022-04-13,0.0080514353576082,0.0031007776782483
2022-04-14,-0.0025625708052383,0.0080514353576082
2022-04-15,0.0056290127310636,-0.0025625708052383
2022-04-18,0.0160300403738005,0.0056290127310636
2022-04-19,0.0081687542676656,0.0160300403738005
2022-04-20,0.0218417419150491,0.0081687542676656
2022-04-21,0.0119491168227288,0.0218417419150491
2022-04-22,0.0114907105357211,0.0119491168227288
2022-04-25,0.0047490986836828,0.0114907105357211
2022-04-26,0.0075519553379326,0.0047490986836828
2022-04-27,0.0070285334245849,0.0075519553379326
2022-04-28,-0.018536503099769,0.0070285334245849
2022-04-29,0.0161991432510641,-0.018536503099769
2022-05-02,-0.0136654918561025,0.0161991432510641
2022-05-03,-0.0012660232740215,-0.0136654918561025
2022-05-04,0.0158671147617588,-0.0012660232740215
2022-05-05,-0.0029657400962128,0.0158671147617588
2022-05-06,0.0105738817558203,-0.0029657400962128
2022-05-09,0.00046392949104,0.0105738817558203
2022-05-10,-0.0076045993852198,0.00046392949104
2022-05-11,0.005282796624062,-0.0076045993852198
2022-05-12,0.0015484673270553,0.005282796624062
2022-05-13,0.0020094295346306,0.0015484673270553
2022-05-16,-0.0163465926810379,0.0020094295346306
2022-05-17,0.0036036075032988,-0.0163465926810379
2022-05-18,-0.0094281025212015,0.0036036075032988
2022-05-19,0.0007890791855809,-0.0094281025212015
2022-05-20,-0.0072831227572325,0.0007890791855809
2022-05-23,-0.0046189458562948,-0.0072831227572325
2022-05-24,0.0043010818993907,-0.0046189458562948
2022-05-25,0.0019056699430803,0.0043010818993907
2022-05-26,-0.010847131398973,0.0019056699430803
2022-05-27,0.0,-0.010847131398973
2022-05-30,0.0003207184119857,0.0
2022-05-31,0.001762114993399,0.0003207184119857
2022-06-01,-0.0091647880002896,0.001762114993399
2022-06-02,0.0053161623389956,-0.0091647880002896
2022-06-03,-0.0096868694182212,0.0053161623389956
2022-06-06,-0.0037383221106073,-0.0096868694182212
2022-06-07,-0.0058794877845942,-0.0037383221106073
2022-06-08,0.0096178098952015,-0.0058794877845942
2022-06-09,0.0271049835579129,0.0096178098952015
2022-06-10,0.0145213596778845,0.0271049835579129
2022-06-13,-0.000934142991797,0.0145213596778845
2022-06-14,-0.00171486517978,-0.000934142991797
2022-06-15,0.0,-0.00171486517978
2022-06-16,0.0006239276446358,0.0
2022-06-17,0.0,0.0006239276446358
2022-06-20,-0.0106600790003748,0.0
2022-06-21,0.001889466787921,-0.0106600790003748
2022-06-22,0.005002411207498,0.001889466787921
2022-06-23,-0.0089996928338003,0.005002411207498
2022-06-24,0.0005305274451328,-0.0089996928338003
2022-06-27,0.011145237413864,0.0005305274451328
2022-06-28,0.0154897768641935,0.011145237413864
2022-06-29,0.0027628567076072,0.0154897768641935
2022-06-30,0.0059601307328183,0.0027628567076072
2022-07-01,0.0,0.0059601307328183
2022-07-04,0.0091006240112569,0.0
2022-07-05,0.0157294831678043,0.0091006240112569
2022-07-06,-0.0043196611445162,0.0157294831678043
2022-07-07,0.0063983552857385,-0.0043196611445162
2022-07-08,0.0095948776539449,0.0063983552857385
2022-07-11,-0.0032372011789818,0.0095948776539449
2022-07-12,-0.0029520316640807,-0.0032372011789818
2022-07-13,0.013653592417977,-0.0029520316640807
2022-07-14,-0.0036520382420874,0.013653592417977
2022-07-15,-0.0005855658196889,-0.0036520382420874
2022-07-18,-0.0011252484645569,-0.0005855658196889
2022-07-19,0.002880918264466,-0.0011252484645569
2022-07-20,-0.0020485813427177,0.002880918264466
2022-07-21,-0.0140130621075837,-0.0020485813427177
2022-07-22,-0.002230650043832,-0.0140130621075837
2022-07-25,0.0094829574169774,-0.002230650043832
2022-07-26,-0.0078466610310581,0.0094829574169774
2022-07-27,-0.0158804835455921,-0.0078466610310581
2022-07-28,0.0037681859343901,-0.0158804835455921
2022-07-29,-0.0099789155854628,0.0037681859343901
2022-08-01,0.0123831241064178,-0.0099789155854628
2022-08-02,0.0074761113762145,0.0123831241064178
2022-08-03,-0.0064260850290818,0.0074761113762145
2022-08-04,0.0070217663571949,-0.0064260850290818
2022-08-05,-0.0093573252359324,0.0070217663571949
2022-08-08,-0.0029256332646241,-0.0093573252359324
2022-08-09,-0.0253371307223226,-0.0029256332646241
2022-08-10,0.0025998020021997,-0.0253371307223226
2022-08-11,0.0011033344623019,0.0025998020021997
2022-08-12,0.0099610048961067,0.0011033344623019
2022-08-15,0.0004573519402839,0.0099610048961067
2022-08-16,0.0161769345258071,0.0004573519402839
2022-08-17,0.0101463120514777,0.0161769345258071
2022-08-18,0.0104852175257885,0.0101463120514777
2022-08-19,-0.0005878031028903,0.0104852175257885
2022-08-22,-0.0032391076612188,-0.0005878031028903
2022-08-23,-0.0017712181752345,-0.0032391076612188
2022-08-24,-0.0083074205698561,-0.0017712181752345
2022-08-25,0.0013397843462996,-0.0083074205698561
2022-08-26,0.0011894143537225,0.0013397843462996
2022-08-29,0.007254454792192,0.0011894143537225
2022-08-30,0.0051497207899462,0.007254454792192
2022-08-31,0.0144243777243531,0.0051497207899462
2022-09-01,-0.0040585647825097,0.0144243777243531
2022-09-02,0.0,-0.0040585647825097
2022-09-05,0.0026109675407202,0.0
2022-09-06,0.0041922721320211,0.0026109675407202
2022-09-07,0.0087612768683702,0.0041922721320211
2022-09-08,-0.0126638618604744,0.0087612768683702
2022-09-09,-0.0082891480218143,-0.0126638618604744
2022-09-12,0.0155041865359653,-0.0082891480218143
2022-09-13,0.0037313476128582,0.0155041865359653
2022-09-14,0.005855904757976,0.0037313476128582
2022-09-15,0.0055386067879692,0.005855904757976
2022-09-16,0.0036754352939092,0.0055386067879692
2022-09-19,-0.0011294650360667,0.0036754352939092
2022-09-20,-0.0002373498208414,-0.0011294650360667
2022-09-21,-0.0063672633847131,-0.0002373498208414
2022-09-22,0.0189591154252846,-0.0063672633847131
2022-09-23,0.0091777912117261,0.0189591154252846
2022-09-26,-0.0063911097372026,0.0091777912117261
2022-09-27,-0.005861027104475,-0.0063911097372026
2022-09-28,0.0062783603511245,-0.005861027104475
2022-09-29,0.0055478644377182,0.0062783603511245
2022-09-30,-0.0111266794647573,0.0055478644377182
2022-10-03,-0.0143684680720377,-0.0111266794647573
2022-10-04,0.011427083501613,-0.0143684680720377
2022-10-05,0.0061530050088061,0.011427083501613
2022-10-06,0.0081916459455775,0.0061530050088061
2022-10-07,0.0,0.0081916459455775
2022-10-10,-0.0030466717930175,0.0
2022-10-11,0.0140478828549914,-0.0030466717930175
2022-10-12,-0.0012316115138761,0.0140478828549914
2022-10-13,0.0020518439590424,-0.0012316115138761
2022-10-14,-0.0162560405750058,0.0020518439590424
2022-10-17,0.0087119406020215,-0.0162560405750058
2022-10-18,0.006723867527818,0.0087119406020215
2022-10-19,-0.0039739689160711,0.006723867527818
2022-10-20,-0.0048172964950996,-0.0039739689160711
2022-10-21,0.0151984852037836,-0.0048172964950996
2022-10-24,-0.0106558385318877,0.0151984852037836
2022-10-25,-0.0140245442107245,-0.0106558385318877
2022-10-26,-0.0023147835695356,-0.0140245442107245
2022-10-27,0.0148879247777005,-0.0023147835695356
2022-10-28,0.0110195459819362,0.0148879247777005
2022-10-31,-0.0073730536084677,0.0110195459819362
2022-11-01,-0.0028820441276069,-0.0073730536084677
2022-11-02,0.0117503743009534,-0.0028820441276069
2022-11-03,-0.0230842896833971,0.0117503743009534
2022-11-04,-0.0134342910491276,-0.0230842896833971
2022-11-07,-0.0052263696900949,-0.0134342910491276
2022-11-08,0.0035343219090706,-0.0052263696900949
2022-11-09,-0.0160754582044067,0.0035343219090706
2022-11-10,0.0,-0.0160754582044067
2022-11-11,-0.0051761438357091,0.0
2022-11-14,-0.0050697706377609,-0.0051761438357091
2022-11-15,-0.0007130993162491,-0.0050697706377609
2022-11-16,0.0089492514135587,-0.0007130993162491
2022-11-17,-0.0096744671970299,0.0089492514135587
2022-11-18,0.0057870531876762,-0.0096744671970299
2022-11-21,-0.0036129817465235,0.0057870531876762
2022-11-22,-0.0142901236060062,-0.0036129817465235
2022-11-23,0.0,-0.0142901236060062
2022-11-24,0.0048348200545831,0.0
2022-11-25,0.000146145414948,0.0048348200545831
2022-11-28,-0.0071863622319687,0.000146145414948
2022-11-29,-0.0017678260349454,-0.0071863622319687
2022-11-30,0.0395439147800411,-0.0017678260349454
2022-12-01,-0.0111969335263881,0.0395439147800411
2022-12-02,0.0014150797126131,-0.0111969335263881
2022-12-05,-0.0073088651914718,0.0014150797126131
2022-12-06,-0.0105805755517431,-0.0073088651914718
2022-12-07,-0.0007638061236772,-0.0105805755517431
2022-12-08,0.0113443816754204,-0.0007638061236772
2022-12-09,0.0133192087155276,0.0113443816754204
2022-12-12,-0.0182332235179569,0.0133192087155276
2022-12-13,-0.0053751854558772,-0.0182332235179569
2022-12-14,0.0181875683099139,-0.0053751854558772
2022-12-15,0.0113783050922555,0.0181875683099139
2022-12-16,-0.022019763003656,0.0113783050922555
2022-12-19,0.0015890216416862,-0.022019763003656
2022-12-20,-0.0084070650258758,0.0015890216416862
2022-12-21,-0.0018940779320311,-0.0084070650258758
2022-12-22,-0.009966372982717,-0.0018940779320311
2022-12-23,0.0,-0.009966372982717
2022-12-26,0.0192855096808464,0.0
2022-12-27,-0.0109246248923629,0.0192855096808464
2022-12-28,-0.0132335411624398,-0.0109246248923629
2022-12-29,0.0061974523283705,-0.0132335411624398
2022-12-30,0.0,0.0061974523283705
2023-01-02,0.0011761248047896,0.0
2023-01-03,-0.0085584113949921,0.0011761248047896
2023-01-04,0.0208249203418455,-0.0085584113949921
2023-01-05,-0.0021794414729323,0.0208249203418455
2023-01-06,-0.0176086721404726,-0.0021794414729323
2023-01-09,0.0086963478266124,-0.0176086721404726
2023-01-10,-0.0067736969348524,0.0086963478266124
2023-01-11,-0.0054640734740782,-0.0067736969348524
2023-01-12,-0.0004636261591972,-0.0054640734740782
2023-01-13,0.0,-0.0004636261591972
2023-01-16,0.0151931530790654,0.0
2023-01-17,-0.0030789555882915,0.0151931530790654
2023-01-18,0.0179004997989324,-0.0030789555882915
2023-01-19,-0.0104394162515992,0.0179004997989324
2023-01-20,0.0014564523401849,-0.0104394162515992
2023-01-23,0.0013089958963132,0.0014564523401849
2023-01-24,-0.0021826127253179,0.0013089958963132
2023-01-25,0.0037801731551367,-0.0021826127253179
2023-01-26,-0.002470033947429,0.0037801731551367
2023-01-27,0.0098437390119525,-0.002470033947429
2023-01-30,0.004168769064667,0.0098437390119525
2023-01-31,-0.0151769914687611,0.004168769064667
2023-02-01,-0.0039401729195414,-0.0151769914687611
2023-02-02,0.0218390341297598,-0.0039401729195414
2023-02-03,0.0108139926912347,0.0218390341297598
2023-02-06,-0.0041126059525415,0.0108139926912347
2023-02-07,0.0089128410628576,-0.0041126059525415
2023-02-08,-0.0025384303575575,0.0089128410628576
2023-02-09,0.0127676234545854,-0.0025384303575575
2023-02-10,-0.0046112007928043,0.0127676234545854
2023-02-13,0.0032161112808206,-0.0046112007928043
2023-02-14,0.0084799284823704,0.0032161112808206
2023-02-15,0.0041442247460263,0.0084799284823704
2023-02-16,-0.0060840895638532,0.0041442247460263
2023-02-17,0.0,-0.0060840895638532
2023-02-20,0.0121423485646889,0.0
2023-02-21,-0.0026178097254256,0.0121423485646889
2023-02-22,0.0031547930973241,-0.0026178097254256
2023-02-23,0.0081833517233844,0.0031547930973241
2023-02-24,0.0008960939054269,0.0081833517233844
2023-02-27,-0.0042976891303991,0.0008960939054269
2023-02-28,-0.0131707213251734,-0.0042976891303991
2023-03-01,0.0056462313465579,-0.0131707213251734
2023-03-02,-0.0028879893551319,0.0056462313465579
2023-03-03,0.0038488020019662,-0.0028879893551319
2023-03-06,0.0188902810903832,0.0038488020019662
2023-03-07,0.0010764263687383,0.0188902810903832
2023-03-08,-0.0033676868899759,0.0010764263687383
2023-03-09,-0.0144063377665588,-0.0033676868899759
2023-03-10,-0.0045276883274851,-0.0144063377665588
2023-03-13,-0.000137523207258,-0.0045276883274851
2023-03-14,0.0131167340327569,-0.000137523207258
2023-03-15,-0.0032630892312033,0.0131167340327569
2023-03-16,0.0039415613381033,-0.0032630892312033
2023-03-17,0.0054112686155365,0.0039415613381033
2023-03-20,0.0024255503065546,0.0054112686155365
2023-03-21,-0.0138232313578385,0.0024255503065546
2023-03-22,-0.0155404351459949,-0.0138232313578385
2023-03-23,0.0066307743981965,-0.0155404351459949
2023-03-24,0.0098644449709142,0.0066307743981965
2023-03-27,-0.0105531028040664,0.0098644449709142
2023-03-28,-0.0031739487074315,-0.0105531028040664
2023-03-29,-0.0130775375164744,-0.0031739487074315
2023-03-30,-0.0068854343550111,-0.0130775375164744
2023-03-31,0.0039403372119228,-0.0068854343550111
2023-04-03,0.007416251720413,0.0039403372119228
2023-04-04,0.0037570488777118,0.007416251720413
2023-04-05,0.0124225199985574,0.0037570488777118
2023-04-06,-0.0013726838119723,0.0124225199985574
2023-04-07,0.0178345207606271,-0.0013726838119723
2023-04-10,-0.0079929979158359,0.0178345207606271
2023-04-11,-0.0008164376559105,-0.0079929979158359
2023-04-12,-0.0166087133989796,-0.0008164376559105
2023-04-13,0.0035921563909599,-0.0166087133989796
2023-04-14,0.0098697651453036,0.0035921563909599
2023-04-17,-0.0063509324749797,0.0098697651453036
2023-04-18,-0.002625561916822,-0.0063509324749797
2023-04-19,-0.0061033442633302,-0.002625561916822
2023-04-20,0.0028462281798184,-0.0061033442633302
2023-04-21,0.0041826289001667,0.0028462281798184
2023-04-24,0.0115244284930322,0.0041826289001667
2023-04-25,0.000103418526705,0.0115244284930322
2023-04-26,-0.0053044442576597,0.000103418526705
2023-04-27,0.0008313598133522,-0.0053044442576597
2023-04-28,0.0044676416305904,0.0008313598133522
2023-05-01,0.004762004258576,0.0044676416305904
2023-05-02,-0.0112600367663855,0.004762004258576
2023-05-03,0.0032379126268331,-0.0112600367663855
2023-05-04,0.0048318614926627,0.0032379126268331
2023-05-05,-0.0052087140139787,0.0048318614926627
2023-05-08,0.0157282985623283,-0.0052087140139787
2023-05-09,0.0149763161208156,0.0157282985623283
2023-05-10,0.0152667497468925,0.0149763161208156
2023-05-11,0.0082818574890466,0.0152667497468925
2023-05-12,-0.015229183864637,0.0082818574890466
2023-05-15,0.0019786449330561,-0.015229183864637
2023-05-16,0.0103072723742156,0.0019786449330561
2023-05-17,0.0044013243934393,0.0103072723742156
2023-05-18,0.0029870249228185,0.0044013243934393
2023-05-19,-0.0090659449833476,0.0029870249228185
2023-05-22,-0.0023471196122075,-0.0090659449833476
2023-05-23,0.0020923776410506,-0.0023471196122075
2023-05-24,0.0256499994450334,0.0020923776410506
2023-05-25,-0.0062886095030063,0.0256499994450334
2023-05-26,0.0,-0.0062886095030063
2023-05-29,0.0049853341423782,0.0
2023-05-30,0.0036469216368688,0.0049853341423782
2023-05-31,-0.0094077225010997,0.0036469216368688
2023-06-01,-0.0037173148294424,-0.0094077225010997
2023-06-02,-0.0118730009163403,-0.0037173148294424
2023-06-05,-0.002943614046349,-0.0118730009163403
2023-06-06,-0.0074835961407839,-0.002943614046349
2023-06-07,-0.0126939643049439,-0.0074835961407839
2023-06-08,-0.0070061030736043,-0.0126939643049439
2023-06-09,-0.008019074090972,-0.0070061030736043
2023-06-12,-0.0008135403730338,-0.008019074090972
2023-06-13,-0.012965495343518,-0.0008135403730338
2023-06-14,-0.0036650515841034,-0.012965495343518
2023-06-15,-0.0024142275502265,-0.0036650515841034
2023-06-16,0.0,-0.0024142275502265
2023-06-19,0.009513311005985,0.0
2023-06-20,0.000522247197991,0.009513311005985
2023-06-21,0.0065430040036327,0.000522247197991
2023-06-22,0.0131456183262224,0.0065430040036327
2023-06-23,-0.0049341633862831,0.0131456183262224
2023-06-26,-0.0086113706387176,-0.0049341633862831
2023-06-27,0.0096022943945759,-0.0086113706387176
2023-06-28,0.0038525809416607,0.0096022943945759
2023-06-29,0.0049793693553459,0.0038525809416607
2023-06-30,-0.0052513947460597,0.0049793693553459
2023-07-03,0.0,-0.0052513947460597
2023-07-04,0.001055684800213,0.0
2023-07-05,0.0179561741333973,0.001055684800213
2023-07-06,-0.014801102256253,0.0179561741333973
2023-07-07,0.0005045261411722,-0.014801102256253
2023-07-10,-0.0149403810881452,0.0005045261411722
2023-07-11,-0.021022449392257,-0.0149403810881452
2023-07-12,-0.0104735014218131,-0.021022449392257
2023-07-13,0.0062762524238029,-0.0104735014218131
2023-07-14,-0.0032108265562138,0.0062762524238029
2023-07-17,-0.0102996591152275,-0.0032108265562138
2023-07-18,0.004215169648591,-0.0102996591152275
2023-07-19,0.0023625524314687,0.004215169648591
2023-07-20,-0.0012363006118913,0.0023625524314687
2023-07-21,-0.0120754915022804,-0.0012363006118913
2023-07-24,-0.0071261696174267,-0.0120754915022804
2023-07-25,0.0027285456090515,-0.0071261696174267
2023-07-26,-0.0017973939798223,0.0027285456090515
2023-07-27,-0.0014709351039381,-0.0017973939798223
2023-07-28,0.0120443226465467,-0.0014709351039381
2023-07-31,0.0237716702976547,0.0120443226465467
2023-08-01,0.0167050284582988,0.0237716702976547
2023-08-02,0.0110423101284231,0.0167050284582988
2023-08-03,-0.0191533309451985,0.0110423101284231
2023-08-04,0.0175680412445071,-0.0191533309451985
2023-08-07,0.0132136668166675,0.0175680412445071
2023-08-08,0.0014592198135248,0.0132136668166675
2023-08-09,-0.0145126422036847,0.0014592198135248
2023-08-10,0.0107100053138915,-0.0145126422036847
2023-08-11,0.0057799822125841,0.0107100053138915
2023-08-14,0.0041522986397271,0.0057799822125841
2023-08-15,-0.0011778780190381,0.0041522986397271
2023-08-16,0.0007697040684746,-0.0011778780190381
2023-08-17,-0.0078346051667472,0.0007697040684746
2023-08-18,0.0020815500566393,-0.0078346051667472
2023-08-21,-0.0104513512681849,0.0020815500566393
2023-08-22,-0.0175047667014944,-0.0104513512681849
2023-08-23,0.015646510105467,-0.0175047667014944
2023-08-24,-0.0047973508964656,0.015646510105467
2023-08-25,-0.0066948104873714,-0.0047973508964656
2023-08-28,-0.0033426515807755,-0.0066948104873714
2023-08-29,0.0062227216165471,-0.0033426515807755
2023-08-30,0.0161778898407463,0.0062227216165471
2023-08-31,-0.0050056046274029,0.0161778898407463
2023-09-01,0.0,-0.0050056046274029
2023-09-04,0.0203322991157626,0.0
2023-09-05,0.0008278641838432,0.0203322991157626
2023-09-06,-0.0026004428629819,0.0008278641838432
2023-09-07,-0.0023561321242979,-0.0026004428629819
2023-09-08,-0.0133424471599949,-0.0023561321242979
2023-09-11,0.0029216881876443,-0.0133424471599949
2023-09-12,-0.0073469090331999,0.0029216881876443
2023-09-13,0.0098225955319666,-0.0073469090331999
2023-09-14,0.004738934063631,0.0098225955319666
2023-09-15,-0.0029059171322551,0.004738934063631
2023-09-18,-0.0035426445540776,-0.0029059171322551
2023-09-19,-0.0098234858777832,-0.0035426445540776
2023-09-20,0.007703502530032,-0.0098234858777832
2023-09-21,-0.0080608959092565,0.007703502530032
2023-09-22,0.0023127927944059,-0.0080608959092565
2023-09-25,0.0136395307534287,0.0023127927944059
2023-09-26,0.0080536365310308,0.0136395307534287
2023-09-27,-0.0118307992099695,0.0080536365310308
2023-09-28,-0.0047707317098808,-0.0118307992099695
2023-09-29,0.0160440519606628,-0.0047707317098808
2023-10-02,0.0090375343406621,0.0160440519606628
2023-10-03,-0.0026529809863999,0.0090375343406621
2023-10-04,0.0116812271098374,-0.0026529809863999
2023-10-05,-0.0128470394114015,0.0116812271098374
2023-10-06,0.0,-0.0128470394114015
2023-10-09,-0.0135448613763915,0.0
2023-10-10,-0.010788924856103,-0.0135448613763915
2023-10-11,0.0049228162061747,-0.010788924856103
2023-10-12,0.0039988025241028,0.0049228162061747
2023-10-13,-0.0113575310080586,0.0039988025241028
2023-10-16,-0.0018335035170728,-0.0113575310080586
2023-10-17,0.0160720627520811,-0.0018335035170728
2023-10-18,-0.0008245560600679,0.0160720627520811
2023-10-19,-0.0042965751468657,-0.0008245560600679
2023-10-20,-0.002387934674084,-0.0042965751468657
2023-10-23,0.0073305572675033,-0.002387934674084
2023-10-24,0.0015005800510325,0.0073305572675033
2023-10-25,-0.004924655517597,0.0015005800510325
2023-10-26,-0.0091567006873374,-0.004924655517597
2023-10-27,-0.0010906199791973,-0.0091567006873374
2023-10-30,-0.0023448668841421,-0.0010906199791973
2023-10-31,-0.0054409747129331,-0.0023448668841421
2023-11-01,-0.0099795147324242,-0.0054409747129331
2023-11-02,-0.0122663465378809,-0.0099795147324242
2023-11-03,0.0031162654161547,-0.0122663465378809
2023-11-06,0.0040383148552969,0.0031162654161547
2023-11-07,0.0044613456381745,0.0040383148552969
2023-11-08,0.0058601731135161,0.0044613456381745
2023-11-09,0.0,0.0058601731135161
2023-11-10,0.0087317113521594,0.0
2023-11-13,-0.0215397762328048,0.0087317113521594
2023-11-14,-0.0053319737428982,-0.0215397762328048
2023-11-15,0.0103206289310482,-0.0053319737428982
2023-11-16,-0.0016528659776637,0.0103206289310482
2023-11-17,-0.0016665036696807,-0.0016528659776637
2023-11-20,0.0114890845131183,-0.0016665036696807
2023-11-21,0.0152984955779857,0.0114890845131183
2023-11-22,0.0,0.0152984955779857
2023-11-23,0.0005411226835914,0.0
2023-11-24,-0.0068973131339657,0.0005411226835914
2023-11-27,-0.0062947367057963,-0.0068973131339657
2023-11-28,0.0028067218708742,-0.0062947367057963
2023-11-29,0.0111805650709646,0.0028067218708742
2023-11-30,-0.0128056790659023,0.0111805650709646
2023-12-01,0.0110500131461175,-0.0128056790659023
2023-12-04,0.0086003051500687,0.0110500131461175
2023-12-05,-0.0058541284536386,0.0086003051500687
2023-12-06,-0.006820997212531,-0.0058541284536386
2023-12-07,0.0115270622385974,-0.006820997212531
2023-12-08,0.0066331663977545,0.0115270622385974
2023-12-11,-0.0045749622038115,0.0066331663977545
2023-12-12,0.0018073022009947,-0.0045749622038115
2023-12-13,-0.0405189083529,0.0018073022009947
2023-12-14,-0.002029979822784,-0.0405189083529
2023-12-15,0.0194938158284956,-0.002029979822784
2023-12-18,-0.0152361528567768,0.0194938158284956
2023-12-19,-0.0044658182782399,-0.0152361528567768
2023-12-20,0.0074609901256788,-0.0044658182782399
2023-12-21,0.0044868305364689,0.0074609901256788
2023-12-22,0.0,0.0044868305364689
2023-12-25,0.009198031273466,0.0
2023-12-26,-0.0153556059516541,0.009198031273466
2023-12-27,0.0078288797395718,-0.0153556059516541
2023-12-28,-0.0131535750919695,0.0078288797395718
2023-12-29,0.0,-0.0131535750919695
2024-01-01,0.0153452917156613,0.0
2024-01-02,0.0101507374004596,0.0153452917156613
2024-01-03,-0.0017416860286325,0.0101507374004596
2024-01-04,-0.0014929968391559,-0.0017416860286325
2024-01-05,-0.0055527057650035,-0.0014929968391559
2024-01-08,0.0040628397916977,-0.0055527057650035
2024-01-09,0.0011792138155244,0.0040628397916977
2024-01-10,0.0016164777159524,0.0011792138155244
2024-01-11,-0.0040299945753781,0.0016164777159524
2024-01-12,0.0,-0.0040299945753781
2024-01-15,0.0165940021286306,0.0
2024-01-16,0.0087133345966474,0.0165940021286306
2024-01-17,-0.0092310532651009,0.0087133345966474
2024-01-18,0.0053228618203147,-0.0092310532651009
2024-01-19,0.0084424463610717,0.0053228618203147
2024-01-22,-0.0063421898829068,0.0084424463610717
2024-01-23,-0.0093801902980548,-0.0063421898829068
2024-01-24,0.0014020758306596,-0.0093801902980548
2024-01-25,-0.0079996392304027,0.0014020758306596
2024-01-26,0.0017253043530387,-0.0079996392304027
2024-01-29,0.0010103696685104,0.0017253043530387
2024-01-30,-0.0086369414213867,0.0010103696685104
2024-01-31,-0.0036952932485645,-0.0086369414213867
2024-02-01,0.017421708876546,-0.0036952932485645
2024-02-02,0.0075334883737894,0.017421708876546
2024-02-05,-0.010212836766767,0.0075334883737894
2024-02-06,0.0020551616668309,-0.010212836766767
2024-02-07,0.0033385661454059,0.0020551616668309
2024-02-08,0.0040315419706318,0.0033385661454059
2024-02-09,-0.0057733900363152,0.0040315419706318
2024-02-12,0.0088780542426123,-0.0057733900363152
2024-02-13,-0.0032885191190241,0.0088780542426123
2024-02-14,-0.0032940983390856,-0.0032885191190241
2024-02-15,-0.0053642384986978,-0.0032940983390856
2024-02-16,0.0,-0.0053642384986978
2024-02-19,0.0021015584141133,0.0
2024-02-20,-0.00012163230569,0.0021015584141133
2024-02-21,0.0133594836049821,-0.00012163230569
2024-02-22,0.0048103045567895,0.0133594836049821
2024-02-23,0.0035408543849837,0.0048103045567895
2024-02-26,-0.0115918734801034,0.0035408543849837
2024-02-27,0.0090787950889184,-0.0115918734801034
2024-02-28,-0.004492613475826,0.0090787950889184
2024-02-29,-0.0037488622419816,-0.004492613475826
2024-03-01,-0.0050186929331217,-0.0037488622419816
2024-03-04,-0.0027112200507399,-0.0050186929331217
2024-03-05,-0.0092469187274368,-0.0027112200507399
2024-03-06,-0.0056718744066741,-0.0092469187274368
2024-03-07,0.0023943274456317,-0.0056718744066741
2024-03-08,-0.004536974969703,0.0023943274456317
2024-03-11,0.0005843266605807,-0.004536974969703
2024-03-12,-0.0054760205518347,0.0005843266605807
2024-03-13,0.009428668860957,-0.0054760205518347
2024-03-14,0.0009817261025903,0.009428668860957
2024-03-15,0.0111789297015381,0.0009817261025903
2024-03-18,-0.0026032536872921,0.0111789297015381
2024-03-19,-0.005556512430016,-0.0026032536872921
2024-03-20,0.0020979232950426,-0.005556512430016
2024-03-21,0.0066786598027066,0.0020979232950426
2024-03-22,-0.0029028822234207,0.0066786598027066
2024-03-25,0.0039932426507593,-0.0029028822234207
2024-03-26,-0.0060673613650759,0.0039932426507593
2024-03-27,0.0030303614403597,-0.0060673613650759
2024-03-28,-0.0023632111532547,0.0030303614403597
2024-03-29,0.0060685881833077,-0.0023632111532547
2024-04-01,-0.0119878541730318,0.0060685881833077
2024-04-02,-0.005601059032136,-0.0119878541730318
2024-04-03,-0.0008517135222199,-0.005601059032136
2024-04-04,-0.0005682122908172,-0.0008517135222199
2024-04-05,-0.0015937883206409,-0.0005682122908172
2024-04-08,-0.0070819459201039,-0.0015937883206409
2024-04-09,0.014812460952787,-0.0070819459201039
2024-04-10,-0.0011997921799724,0.014812460952787
2024-04-11,0.0068911517573271,-0.0011997921799724
2024-04-12,0.0052111803949594,0.0068911517573271
2024-04-15,0.002553378821215,0.0052111803949594
2024-04-16,0.0019488115007018,0.002553378821215
2024-04-17,0.0045290288186072,0.0019488115007018
2024-04-18,-0.0016940206183284,0.0045290288186072
2024-04-19,0.0018298362436022,-0.0016940206183284
2024-04-22,-0.0010190670931535,0.0018298362436022
2024-04-23,0.0059325698049437,-0.0010190670931535
2024-04-24,-0.0107072495362547,0.0059325698049437
2024-04-25,-0.0119071361065841,-0.0107072495362547
2024-04-26,-0.0096106044208403,-0.0119071361065841
2024-04-29,0.0095840210487376,-0.0096106044208403
2024-04-30,-0.0100565118895952,0.0095840210487376
2024-05-01,-0.0009994090348808,-0.0100565118895952
2024-05-02,-0.0053471163026044,-0.0009994090348808
2024-05-03,-0.0020342254508549,-0.0053471163026044
2024-05-06,0.0003411296840272,-0.0020342254508549
2024-05-07,0.0054638454019202,0.0003411296840272
2024-05-08,-0.0046683283957027,0.0054638454019202
2024-05-09,-0.0024426781935433,-0.0046683283957027
2024-05-10,-0.0059828959371386,-0.0024426781935433
2024-05-13,0.0048760409197914,-0.0059828959371386
2024-05-14,-0.0059021634677178,0.0048760409197914
2024-05-15,-0.0059976353635367,-0.0059021634677178
2024-05-16,-0.0011653539431955,-0.0059976353635367
2024-05-17,0.0003849368751063,-0.0011653539431955
2024-05-20,-0.0064202844901153,0.0003849368751063
2024-05-21,0.0094231990775575,-0.0064202844901153
2024-05-22,0.0103448164168296,0.0094231990775575
2024-05-23,-0.0002495876391113,0.0103448164168296
2024-05-24,0.0,-0.0002495876391113
2024-05-27,-0.0082660634950135,0.0
2024-05-28,0.0069248200646452,-0.0082660634950135
2024-05-29,0.0112818495266613,0.0069248200646452
2024-05-30,0.0121756051230299,0.0112818495266613
2024-05-31,-0.0181356699720982,0.0121756051230299
2024-06-03,0.0102758584820699,-0.0181356699720982
2024-06-04,0.013549478817497,0.0102758584820699
2024-06-05,-0.002134461251527,0.013549478817497
2024-06-06,-0.0015985436545742,-0.002134461251527
2024-06-07,-0.0073426336309618,-0.0015985436545742
2024-06-10,-0.0050771714415507,-0.0073426336309618
2024-06-11,-0.0150395027074066,-0.0050771714415507
2024-06-12,0.0054788706930795,-0.0150395027074066
2024-06-13,-0.0035749682069936,0.0054788706930795
2024-06-14,-0.0075772196029966,-0.0035749682069936
2024-06-17,-0.0106136252726982,-0.0075772196029966
2024-06-18,0.0,-0.0106136252726982
2024-06-19,-0.0004206960367163,0.0
2024-06-20,-0.0059251123607459,-0.0004206960367163
2024-06-21,0.0102784939302247,-0.0059251123607459
2024-06-24,0.0035438199146029,0.0102784939302247
2024-06-25,0.0008016692720143,0.0035438199146029
2024-06-26,0.01367715074851,0.0008016692720143
2024-06-27,-0.0131832910604687,0.01367715074851
2024-06-28,0.0047669045517446,-0.0131832910604687
2024-07-01,0.0160535521551112,0.0047669045517446
2024-07-02,-0.0140299831664401,0.0160535521551112
2024-07-03,0.0,-0.0140299831664401
2024-07-04,-0.0087014175678912,0.0
2024-07-05,-0.0040811999510901,-0.0087014175678912
2024-07-08,0.0011527951039069,-0.0040811999510901
2024-07-09,-0.0007886109551349,0.0011527951039069
2024-07-10,-0.0069700581963019,-0.0007886109551349
2024-07-11,0.0002777376619014,-0.0069700581963019
2024-07-12,0.0099365282879748,0.0002777376619014
2024-07-15,-0.0049725016734099,0.0099365282879748
2024-07-16,0.0087432431364691,-0.0049725016734099
2024-07-17,-0.0043373059249205,0.0087432431364691
2024-07-18,0.0042003372603973,-0.0043373059249205
2024-07-19,0.0010459650527967,0.0042003372603973
2024-07-22,0.0060353243141069,0.0010459650527967
2024-07-23,-0.0034934295355242,0.0060353243141069
2024-07-24,0.0002947694814836,-0.0034934295355242
2024-07-25,-0.0033677244493302,0.0002947694814836
2024-07-26,0.0109580587939404,-0.0033677244493302
2024-07-29,-0.0058398846974867,0.0109580587939404
2024-07-30,-0.0079918811244592,-0.0058398846974867
2024-07-31,-0.001918568644073,-0.0079918811244592
2024-08-01,0.004129423576122,-0.001918568644073
2024-08-02,0.0156859351639515,0.004129423576122
2024-08-05,-0.0031392110759975,0.0156859351639515
2024-08-06,-0.0059215609209628,-0.0031392110759975
2024-08-07,-0.0008931732750738,-0.0059215609209628
2024-08-08,-0.0022637340534843,-0.0008931732750738
2024-08-09,-0.0047952796070336,-0.0022637340534843
2024-08-12,-0.0034354000570879,-0.0047952796070336
2024-08-13,-0.0050950812795886,-0.0034354000570879
2024-08-14,-0.0046651422713916,-0.0050950812795886
2024-08-15,-0.0056371160859081,-0.0046651422713916
2024-08-16,-0.0095510636613598,-0.0056371160859081
2024-08-19,0.0081634024308412,-0.0095510636613598
2024-08-20,-1.119864720333652e-05,0.0081634024308412
2024-08-21,0.0092852833758123,-1.119864720333652e-05
2024-08-22,-0.0165459449016731,0.0092852833758123
2024-08-23,-0.0016539332657368,-0.0165459449016731
2024-08-26,0.0022347008538039,-0.0016539332657368
2024-08-27,0.0032865332488993,0.0022347008538039
2024-08-28,-0.0025314760202626,0.0032865332488993
2024-08-29,0.0020987665498179,-0.0025314760202626
2024-08-30,0.0,0.0020987665498179
2024-09-02,0.0095991070908008,0.0
2024-09-03,-0.005599471991144,0.0095991070908008
2024-09-04,-0.0078855409271847,-0.005599471991144
2024-09-05,0.0084172459497717,-0.0078855409271847
2024-09-06,-0.0001007224035456,0.0084172459497717
2024-09-09,0.0040265774648813,-0.0001007224035456
2024-09-10,-0.0021648532393725,0.0040265774648813
2024-09-11,-0.0028414989557177,-0.0021648532393725
2024-09-12,-0.0083077651850627,-0.0028414989557177
2024-09-13,-0.0035817082790012,-0.0083077651850627
2024-09-16,-6.802374031167346e-05,-0.0035817082790012
2024-09-17,-0.0045396902459398,-6.802374031167346e-05
2024-09-18,-0.0047549144171559,-0.0045396902459398
2024-09-19,0.0007378364568539,-0.0047549144171559
2024-09-20,-0.0101254176493772,0.0007378364568539
2024-09-23,0.0010275535318511,-0.0101254176493772
2024-09-24,-0.0057749108801399,0.0010275535318511
2024-09-25,-0.0043852321918627,-0.0057749108801399
2024-09-26,-0.0033396030524865,-0.0043852321918627
2024-09-27,0.009464288798878,-0.0033396030524865
2024-09-30,0.0070082549797159,0.009464288798878
2024-10-01,-0.0040869910328309,0.0070082549797159
2024-10-02,0.0114462869453051,-0.0040869910328309
2024-10-03,-0.002269642376671,0.0114462869453051
2024-10-04,-0.0042673583660239,-0.002269642376671
2024-10-07,0.0091774733414298,-0.0042673583660239
2024-10-08,0.0045970299755073,0.0091774733414298
2024-10-09,-0.0063242396508838,0.0045970299755073
2024-10-10,-0.0074330199578511,-0.0063242396508838
2024-10-11,0.0,-0.0074330199578511
2024-10-14,0.0126795082607449,0.0
2024-10-15,0.0015311941199462,0.0126795082607449
2024-10-16,0.0022075938843322,0.0015311941199462
2024-10-17,-0.0053234888757911,0.0022075938843322
2024-10-18,0.0033708662235865,-0.0053234888757911
2024-10-21,-0.0070840025622458,0.0033708662235865
2024-10-22,0.0182836779552086,-0.0070840025622458
2024-10-23,-0.0092244359817388,0.0182836779552086
2024-10-24,-0.0013409264584671,-0.0092244359817388
2024-10-25,0.0026405305447152,-0.0013409264584671
2024-10-28,-0.001514483952266,0.0026405305447152
2024-10-29,-0.0002262392263219,-0.001514483952266
2024-10-30,-0.0001923435941368,-0.0002262392263219
2024-10-31,-0.0055144695635984,-0.0001923435941368
2024-11-01,-0.001434655131868,-0.0055144695635984
2024-11-04,-0.0071067653009908,-0.001434655131868
2024-11-05,0.0111833098113831,-0.0071067653009908
2024-11-06,-0.0173532200873629,0.0111833098113831
2024-11-07,0.0145463362699151,-0.0173532200873629
2024-11-08,0.0,0.0145463362699151
2024-11-11,0.033322148694955,0.0
2024-11-12,0.0044150182091167,0.033322148694955
2024-11-13,-0.0019909345043398,0.0044150182091167
2024-11-14,0.0014264163713311,-0.0019909345043398
2024-11-15,-0.0148238411477494,0.0014264163713311
2024-11-18,0.0044802419986167,-0.0148238411477494
2024-11-19,0.0023514386417433,0.0044802419986167
2024-11-20,0.0008893382197854,0.0023514386417433
2024-11-21,-0.000298199210325,0.0008893382197854
2024-11-22,-0.0008840756460446,-0.000298199210325
2024-11-25,0.0052762715545804,-0.0008840756460446
2024-11-26,0.0013902361518982,0.0052762715545804
2024-11-27,0.0,0.0013902361518982
2024-11-28,-0.0094065766770383,0.0
2024-11-29,0.0090385994764878,-0.0094065766770383
2024-12-02,-0.0065860234588024,0.0090385994764878
2024-12-03,-0.0002931067399587,-0.0065860234588024
2024-12-04,-0.002009817218485,-0.0002931067399587
2024-12-05,-0.002041632239063,-0.002009817218485
2024-12-06,-0.0137503599359383,-0.002041632239063
2024-12-09,0.0045615237708545,-0.0137503599359383
2024-12-10,-0.0078099461246492,0.0045615237708545
2024-12-11,0.0029499627970723,-0.0078099461246492
2024-12-12,0.0064393024206159,0.0029499627970723
2024-12-13,-0.0019268800037837,0.0064393024206159
2024-12-16,0.015957888994194,-0.0019268800037837
2024-12-17,-0.0016125651005398,0.015957888994194
2024-12-18,0.018063706940723,-0.0016125651005398
2024-12-19,-0.0056392763974191,0.018063706940723
2024-12-20,0.0123582266461643,-0.0056392763974191
2024-12-23,0.0066633954607575,0.0123582266461643
2024-12-24,0.0,0.0066633954607575
2024-12-25,0.0109302348450239,0.0
2024-12-26,-0.0120555946769842,0.0109302348450239
2024-12-27,0.0088188135597748,-0.0120555946769842
2024-12-30,0.0033851034855536,0.0088188135597748
2024-12-31,0.0,0.0033851034855536
2025-01-01,-0.0094035821738196,0.0
2025-01-02,0.0046250319163623,-0.0094035821738196
2025-01-03,-0.011934127264165,0.0046250319163623
2025-01-06,0.006372953520827,-0.011934127264165
2025-01-07,0.0098046005520036,0.006372953520827
2025-01-08,0.0030955108098407,0.0098046005520036
2025-01-09,0.0098521928490842,0.0030955108098407
2025-01-10,-0.0025352539403424,0.0098521928490842
2025-01-13,-0.0072007132829736,-0.0025352539403424
2025-01-14,-0.007460485464811,-0.0072007132829736
2025-01-15,0.0012233653643249,-0.007460485464811
2025-01-16,-0.0043897805817416,0.0012233653643249
2025-01-17,0.0,-0.0043897805817416
2025-01-20,-0.0121614046877058,0.0
2025-01-21,-0.0008055861615337,-0.0121614046877058
2025-01-22,-1.0817652245087572e-05,-0.0008055861615337
2025-01-23,-0.005494236209548,-1.0817652245087572e-05
2025-01-24,0.0183866152410172,-0.005494236209548
2025-01-27,-0.0014106409533476,0.0183866152410172
2025-01-28,-0.0061627774598926,-0.0014106409533476
2025-01-29,-0.006406731957997,-0.0061627774598926
2025-01-30,0.0093936369324123,-0.006406731957997
2025-01-31,0.0086523286714177,0.0093936369324123
2025-02-03,-0.0070176101086776,0.0086523286714177
2025-02-04,-0.0078171600533547,-0.0070176101086776
2025-02-05,-0.0024750615187913,-0.0078171600533547
2025-02-06,-0.0033494513938117,-0.0024750615187913
2025-02-07,0.0021529584367949,-0.0033494513938117
2025-02-10,0.0006444433234777,0.0021529584367949
2025-02-11,0.0020875253649093,0.0006444433234777
2025-02-12,0.0020508288755891,0.0020875253649093
2025-02-13,-0.0105579630873511,0.0020508288755891
2025-02-14,0.0,-0.0105579630873511
2025-02-17,0.0021227039234128,0.0
2025-02-18,0.0100567515612417,0.0021227039234128
2025-02-19,-0.0125009752404539,0.0100567515612417
2025-02-20,-0.0016692035885093,-0.0125009752404539
2025-02-21,0.0016583028020176,-0.0016692035885093
2025-02-24,0.0040957693571144,0.0016583028020176
2025-02-25,-0.0024619778357726,0.0040957693571144
2025-02-26,0.0044196207221851,-0.0024619778357726
2025-02-27,0.0076957082216817,0.0044196207221851
2025-02-28,-0.0010058171497999,0.0076957082216817
2025-03-03,-0.000678287296814,-0.0010058171497999
2025-03-04,-0.0118742694085374,-0.000678287296814
2025-03-05,-0.0116475093733328,-0.0118742694085374
2025-03-06,0.0049990067615515,-0.0116475093733328
2025-03-07,0.0034008515731231,0.0049990067615515
2025-03-10,-0.005696521565627,0.0034008515731231
2025-03-11,0.0082518613200339,-0.005696521565627
2025-03-12,-0.0015717438674118,0.0082518613200339
2025-03-13,-0.008132734343814,-0.0015717438674118
2025-03-14,-0.004575202040264,-0.008132734343814
2025-03-17,0.0014316552985778,-0.004575202040264
2025-03-18,0.0027855708984785,0.0014316552985778
2025-03-19,-0.0011077829768235,0.0027855708984785
2025-03-20,0.0051152976100339,-0.0011077829768235
2025-03-21,-0.0033026998381635,0.0051152976100339
2025-03-24,0.0031435851737655,-0.0033026998381635
2025-03-25,0.0020281870033502,0.0031435851737655
2025-03-26,-0.0009861717614558,0.0020281870033502
2025-03-27,0.0085744673747973,-0.0009861717614558
2025-03-28,-0.0008699198591282,0.0085744673747973
2025-03-31,5.439349888725076e-06,-0.0008699198591282
2025-04-01,0.0200643210577489,5.439349888725076e-06
2025-04-02,-0.001184246461638,0.0200643210577489
2025-04-03,0.0175971273228792,-0.001184246461638
2025-04-04,0.026385280156898,0.0175971273228792
2025-04-07,0.0004493968965113,0.026385280156898
2025-04-08,0.0117502411466339,0.0004493968965113
2025-04-09,-0.015274226022806,0.0117502411466339
2025-04-10,-0.018100766910754,-0.015274226022806
2025-04-11,-0.0144407600420137,-0.018100766910754
2025-04-14,0.0051264700373812,-0.0144407600420137
2025-04-15,-0.0101516729042092,0.0051264700373812
2025-04-16,-2.127942545637751e-05,-0.0101516729042092
2025-04-17,0.0022000221436035,-2.127942545637751e-05
2025-04-18,-0.0058187828712075,0.0022000221436035
2025-04-21,-0.0083748003062806,-0.0058187828712075
2025-04-22,0.0031984201819175,-0.0083748003062806
2025-04-23,0.0090185522383658,0.0031984201819175
2025-04-24,-0.004563223919431,0.0090185522383658
2025-04-25,-0.0090006806628739,-0.004563223919431
2025-04-28,0.0008460852895191,-0.0090006806628739
2025-04-29,0.000942245791244,0.0008460852895191
2025-04-30,0.0031272694141528,0.000942245791244
2025-05-01,-0.0111783641328266,0.0031272694141528
2025-05-02,-0.0086690076138014,-0.0111783641328266
2025-05-05,-0.0060103756685863,-0.0086690076138014
2025-05-06,0.0028697263769279,-0.0060103756685863
2025-05-07,-0.0015327946831535,0.0028697263769279
2025-05-08,0.002180367132369,-0.0015327946831535
2025-05-09,0.0040460504970023,0.002180367132369
2025-05-12,0.0006445410872264,0.0040460504970023
2025-05-13,-0.0038734927877217,0.0006445410872264
2025-05-14,-0.0116725012129297,-0.0038734927877217
2025-05-15,0.0034602589578489,-0.0116725012129297
2025-05-16,-0.0016262144876431,0.0034602589578489
2025-05-19,-0.0073564469795814,-0.0016262144876431
2025-05-20,-0.0018308378403957,-0.0073564469795814
2025-05-21,0.004643121289614,-0.0018308378403957
2025-05-22,-0.0073564627959172,0.004643121289614
2025-05-23,0.0,-0.0073564627959172
2025-05-26,0.0037854582016763,0.0
2025-05-27,0.0024359054294089,0.0037854582016763
2025-05-28,-0.0088915322712939,0.0024359054294089
2025-05-29,0.0127866632875557,-0.0088915322712939
2025-05-30,-0.0089575286287297,0.0127866632875557
2025-06-02,0.0010570145638539,-0.0089575286287297
2025-06-03,-0.0048917663323959,0.0010570145638539
2025-06-04,-0.0022775274220689,-0.0048917663323959
2025-06-05,0.0005290737393282,-0.0022775274220689
2025-06-06,-0.0037207037838373,0.0005290737393282
2025-06-09,0.0002597710640936,-0.0037207037838373
2025-06-10,-0.0008868879571974,0.0002597710640936
2025-06-11,0.0051240391820397,-0.0008868879571974
2025-06-12,0.006774710221642,0.0051240391820397
2025-06-13,-0.0068421835696952,0.006774710221642
2025-06-16,0.0081592876941112,-0.0068421835696952
2025-06-17,0.000184033171104,0.0081592876941112
2025-06-18,0.0,0.000184033171104
2025-06-19,0.0029288141429337,0.0
2025-06-20,0.0007503105803978,0.0029288141429337
2025-06-23,-0.0125061378572137,0.0007503105803978
2025-06-24,-0.0004163876741887,-0.0125061378572137
2025-06-25,0.0012655061322384,-0.0004163876741887
2025-06-26,0.0011572384865434,0.0012655061322384
2025-06-27,-0.0052971681910012,0.0011572384865434
2025-06-30,-0.005382122994249,-0.0052971681910012
2025-07-01,-0.0017322807672592,-0.005382122994249
2025-07-02,-0.0057293352513685,-0.0017322807672592
2025-07-03,0.0,-0.0057293352513685
2025-07-04,0.0138479080910003,0.0
2025-07-07,0.0049440590726774,0.0138479080910003
2025-07-08,-0.001701506777116,0.0049440590726774
2025-07-09,-0.0041112689624251,-0.001701506777116
2025-07-10,0.0112906778487431,-0.0041112689624251
2025-07-11,-0.0005023358723206,0.0112906778487431
2025-07-14,-0.0010333724327695,-0.0005023358723206
2025-07-15,-0.0023724139797129,-0.0010333724327695
2025-07-16,-0.0025409125613724,-0.0023724139797129
2025-07-17,-0.0073165421339069,-0.0025409125613724
2025-07-18,0.0002375847821154,-0.0073165421339069
2025-07-21,-0.0072034847196702,0.0002375847821154
2025-07-22,-0.0006553696376725,-0.0072034847196702
2025-07-23,0.0047261244247187,-0.0006553696376725
2025-07-24,0.0104082353396437,0.0047261244247187
2025-07-25,0.0042751749547966,0.0104082353396437
2025-07-28,-0.0001062375416513,0.0042751749547966
2025-07-29,0.0042017454673937,-0.0001062375416513
2025-07-30,0.0119172581269788,0.0042017454673937
2025-07-31,-0.0076443766034004,0.0119172581269788
2025-08-01,-0.0058164915921565,-0.0076443766034004
2025-08-04,-0.0020376440727734,-0.0058164915921565
2025-08-05,-0.007702292375987,-0.0020376440727734
2025-08-06,0.0017835897634155,-0.007702292375987
2025-08-07,-0.0045411854678656,0.0017835897634155
2025-08-08,0.0015460924753885,-0.0045411854678656
2025-08-11,-0.0094492103677388,0.0015460924753885
2025-08-12,-0.0032382044875074,-0.0094492103677388
2025-08-13,0.0064375889346584,-0.0032382044875074
2025-08-14,-0.0019763862429762,0.0064375889346584
2025-08-15,0.0037563311605053,-0.0019763862429762
2025-08-18,0.0003001242990134,0.0037563311605053
2025-08-19,0.0016858163511463,0.0003001242990134
2025-08-20,0.0030701530972665,0.0016858163511463
2025-08-21,-0.0170094260580935,0.0030701530972665
2025-08-22,0.0077876055147423,-0.0170094260580935
2025-08-25,0.001647933637324,0.0077876055147423
2025-08-26,0.0056561460931177,0.001647933637324
2025-08-27,-0.0008189800485438,0.0056561460931177
2025-08-28,-0.0025912613227601,-0.0008189800485438
2025-08-29,0.0,-0.0025912613227601
2025-09-01,0.0025686592603211,0.0
2025-09-02,-0.0024780215674415,0.0025686592603211
2025-09-03,0.0060991294532946,-0.0024780215674415
2025-09-04,-0.012059018806843,0.0060991294532946
2025-09-05,-0.0033448856196307,-0.012059018806843
2025-09-08,0.0019820253413391,-0.0033448856196307
2025-09-09,-0.0032349540110856,0.0019820253413391
2025-09-10,-0.0044465300020788,-0.0032349540110856
2025-09-11,-0.0001610194837056,-0.0044465300020788
2025-09-12,-0.0006903773186097,-0.0001610194837056
2025-09-15,-0.0019701942577929,-0.0006903773186097
2025-09-16,0.0005073215835778,-0.0019701942577929
2025-09-17,-0.0004554246048349,0.0005073215835778
2025-09-18,0.0004208426715863,-0.0004554246048349
2025-09-19,-1.7291415101094998e-05,0.0004208426715863
2025-09-22,-0.0064068311739182,-1.7291415101094998e-05
2025-09-23,0.0058764158809103,-0.0064068311739182
2025-09-24,0.0054980268585218,0.0058764158809103
2025-09-25,-0.0044778038772657,0.0054980268585218
2025-09-26,-0.0058704060607888,-0.0044778038772657
2025-09-29,0.0006777795738042,-0.0058704060607888
2025-09-30,-0.0033063442264653,0.0006777795738042
2025-10-01,0.0064286183890125,-0.0033063442264653
2025-10-02,-0.0065796951014056,0.0064286183890125
2025-10-03,-0.0005231341667784,-0.0065796951014056
2025-10-06,0.0005638109115984,-0.0005231341667784
2025-10-07,-0.0033818130442684,0.0005638109115984
2025-10-08,0.0006294990444812,-0.0033818130442684
2025-10-09,0.0150132650979686,0.0006294990444812
2025-10-10,0.0,0.0150132650979686
2025-10-13,-0.0024022171707351,0.0
2025-10-14,-0.0028349034549135,-0.0024022171707351
2025-10-15,-0.0012991326509244,-0.0028349034549135
2025-10-16,0.0044216866929027,-0.0012991326509244
2025-10-17,-0.0085496774554685,0.0044216866929027
2025-10-20,0.007818883072503,-0.0085496774554685
2025-10-21,0.0014208183886772,0.007818883072503
2025-10-22,-0.0047073552068672,0.0014208183886772
2025-10-23,-0.0033379354901783,-0.0047073552068672
2025-10-24,-0.0008347778178809,-0.0033379354901783
2025-10-27,-0.0053673061236123,-0.0008347778178809
2025-10-28,-0.002527885425434,-0.0053673061236123
2025-10-29,0.010628810371188,-0.002527885425434
2025-10-30,0.0023742620471867,0.010628810371188
2025-10-31,-0.0020330845188021,0.0023742620471867
2025-11-03,0.0102388009790503,-0.0020330845188021
2025-11-04,-0.004013997017469,0.0102388009790503
2025-11-05,-0.0005287538773948,-0.004013997017469
2025-11-06,-0.0048522803485751,-0.0005287538773948
2025-11-07,-0.0086447008259948,-0.0048522803485751
2025-11-10,0.0,-0.0086447008259948
2025-11-11,-0.0038239624852511,0.0
2025-11-12,-0.0050724767690142,-0.0038239624852511
2025-11-13,0.0066738985188727,-0.0050724767690142
2025-11-14,-0.0014201102825812,0.0066738985188727
2025-11-17,0.0043532878833327,-0.0014201102825812
2025-11-18,0.0021405063953858,0.0043532878833327
2025-11-19,0.0014341331905076,0.0021405063953858
2025-11-20,0.0077792169263313,0.0014341331905076
2025-11-21,-0.002980851547452,0.0077792169263313
2025-11-24,-0.0044561032549634,-0.002980851547452
2025-11-25,-0.0086562470737057,-0.0044561032549634
2025-11-26,0.0,-0.0086562470737057
2025-11-27,0.0017711275837357,0.0
2025-11-28,-0.0027193555806825,0.0017711275837357
2025-12-01,0.0038750337070672,-0.0027193555806825
2025-12-02,-0.005598191849264,0.0038750337070672
2025-12-03,-0.0035494372274729,-0.005598191849264
2025-12-04,-0.0013313463289708,-0.0035494372274729
2025-12-05,0.0044465953348988,-0.0013313463289708
2025-12-08,0.0008271420369334,0.0044465953348988
2025-12-09,-0.0040012627085341,0.0008271420369334
2025-12-10,-0.0085198477940777,-0.0040012627085341
2025-12-11,0.0013054444814915,-0.0085198477940777
2025-12-12,-0.0048625159709927,0.0013054444814915
2025-12-15,-0.0029061894796265,-0.0048625159709927
2025-12-16,0.0002688935048542,-0.0029061894796265
2025-12-17,-0.0003824480305723,0.0002688935048542
2025-12-18,0.0010812329497245,-0.0003824480305723
2025-12-19,-0.0019183482992835,0.0010812329497245
2025-12-22,-0.0011851179322346,-0.0019183482992835
2025-12-23,-0.002110350489747,-0.0011851179322346
2025-12-24,0.0,-0.002110350489747
2025-12-25,0.0010677224936146,0.0
2025-12-26,0.0009647680661069,0.0010677224936146
2025-12-29,-0.0067790350717351,0.0009647680661069
2025-12-30,-0.0020282023564619,-0.0067790350717351
