"Date","Price","Open","High","Low","Vol.","Change %"
"15-02-2019","3,820.00","3,820.00","3,820.00","3,820.00","","0.00%"
"14-02-2019","3,820.00","3,820.00","3,820.00","3,820.00","","0.00%"
"13-02-2019","3,820.00","3,820.00","3,820.00","3,820.00","","0.00%"
"12-02-2019","3,820.00","3,820.00","3,820.00","3,820.00","","0.00%"
"11-02-2019","3,820.00","3,820.00","3,820.00","3,820.00","","0.00%"
"08-02-2019","3,820.00","3,820.00","3,820.00","3,820.00","","0.00%"
"07-02-2019","3,820.00","3,820.00","3,820.00","3,820.00","","0.00%"
"06-02-2019","3,820.00","3,820.00","3,820.00","3,820.00","","0.00%"
"05-02-2019","3,820.00","3,820.00","3,820.00","3,820.00","","0.00%"
"04-02-2019","3,820.00","3,820.00","3,820.00","3,820.00","0.03K","0.00%"
"01-02-2019","3,820.00","3,820.00","3,820.00","3,820.00","","0.00%"
"31-01-2019","3,820.00","3,820.00","3,820.00","3,820.00","","0.00%"
"30-01-2019","3,820.00","3,820.00","3,820.00","3,820.00","","0.00%"
"29-01-2019","3,820.00","3,820.00","3,820.00","3,820.00","","0.00%"
"28-01-2019","3,820.00","3,820.00","3,820.00","3,820.00","","0.00%"
"25-01-2019","3,820.00","3,820.00","3,820.00","3,820.00","","0.00%"
"24-01-2019","3,820.00","3,820.00","3,820.00","3,820.00","","1.87%"
"23-01-2019","3,750.00","3,750.00","3,750.00","3,750.00","","0.00%"
"22-01-2019","3,750.00","3,750.00","3,750.00","3,750.00","","0.00%"
"21-01-2019","3,750.00","3,750.00","3,750.00","3,750.00","","0.00%"
"18-01-2019","3,750.00","3,750.00","3,750.00","3,750.00","","0.00%"
"17-01-2019","3,750.00","3,750.00","3,750.00","3,750.00","","0.00%"
"16-01-2019","3,750.00","3,750.00","3,750.00","3,750.00","","0.00%"
"15-01-2019","3,750.00","3,750.00","3,750.00","3,750.00","","0.00%"
"14-01-2019","3,750.00","3,750.00","3,750.00","3,750.00","","0.00%"
"11-01-2019","3,750.00","3,750.00","3,750.00","3,750.00","","0.00%"
"10-01-2019","3,750.00","3,750.00","3,750.00","3,750.00","","0.00%"
"09-01-2019","3,750.00","3,750.00","3,750.00","3,750.00","","0.00%"
"08-01-2019","3,750.00","3,750.00","3,750.00","3,750.00","","0.00%"
"07-01-2019","3,750.00","3,750.00","3,750.00","3,750.00","","0.00%"
"04-01-2019","3,750.00","3,750.00","3,750.00","3,750.00","","0.00%"
"03-01-2019","3,750.00","3,750.00","3,750.00","3,750.00","","0.00%"
"02-01-2019","3,750.00","3,750.00","3,750.00","3,750.00","","0.00%"
"31-12-2018","3,750.00","3,750.00","3,750.00","3,750.00","","0.00%"
"28-12-2018","3,750.00","3,750.00","3,750.00","3,750.00","","0.00%"
"27-12-2018","3,750.00","3,750.00","3,750.00","3,750.00","","0.00%"
"24-12-2018","3,750.00","3,750.00","3,750.00","3,750.00","","0.00%"
"21-12-2018","3,750.00","3,750.00","3,750.00","3,750.00","","-1.32%"
"20-12-2018","3,800.00","3,800.00","3,800.00","3,800.00","","0.00%"
"19-12-2018","3,800.00","3,800.00","3,800.00","3,800.00","","0.00%"
"18-12-2018","3,800.00","3,800.00","3,800.00","3,800.00","","0.00%"
"14-12-2018","3,800.00","3,800.00","3,800.00","3,800.00","","0.00%"
"13-12-2018","3,800.00","3,800.00","3,800.00","3,800.00","","0.00%"
"12-12-2018","3,800.00","3,800.00","3,800.00","3,800.00","","0.00%"
"11-12-2018","3,800.00","3,800.00","3,800.00","3,800.00","","0.00%"
"10-12-2018","3,800.00","3,800.00","3,800.00","3,800.00","","0.00%"
"07-12-2018","3,800.00","3,800.00","3,800.00","3,800.00","","0.00%"
"06-12-2018","3,800.00","3,800.00","3,800.00","3,800.00","","0.00%"
"05-12-2018","3,800.00","3,800.00","3,800.00","3,800.00","","0.00%"
"04-12-2018","3,800.00","3,800.00","3,800.00","3,800.00","","0.00%"
"03-12-2018","3,800.00","3,800.00","3,800.00","3,800.00","","0.00%"
"30-11-2018","3,800.00","3,750.00","3,800.00","3,750.00","0.00K","2.70%"
"29-11-2018","3,700.00","3,700.00","3,700.00","3,700.00","","0.00%"
"28-11-2018","3,700.00","3,700.00","3,700.00","3,700.00","","0.00%"
"27-11-2018","3,700.00","3,700.00","3,700.00","3,700.00","","0.00%"
"26-11-2018","3,700.00","3,700.00","3,700.00","3,700.00","","0.00%"
"23-11-2018","3,700.00","3,700.00","3,700.00","3,700.00","","0.00%"
"22-11-2018","3,700.00","3,700.00","3,700.00","3,700.00","","0.00%"
"21-11-2018","3,700.00","3,700.00","3,700.00","3,700.00","","0.00%"
"20-11-2018","3,700.00","3,700.00","3,700.00","3,700.00","","0.00%"
"19-11-2018","3,700.00","3,700.00","3,700.00","3,700.00","0.00K","1.37%"
"16-11-2018","3,650.00","3,650.00","3,650.00","3,650.00","","0.00%"
"15-11-2018","3,650.00","3,650.00","3,650.00","3,650.00","","0.00%"
"14-11-2018","3,650.00","3,650.00","3,650.00","3,650.00","","0.00%"
"13-11-2018","3,650.00","3,650.00","3,650.00","3,650.00","","0.00%"
"12-11-2018","3,650.00","3,650.00","3,650.00","3,650.00","","0.00%"
"09-11-2018","3,650.00","3,650.00","3,650.00","3,650.00","","0.00%"
"08-11-2018","3,650.00","3,650.00","3,650.00","3,650.00","","0.00%"
"07-11-2018","3,650.00","3,650.00","3,650.00","3,650.00","","0.00%"
"06-11-2018","3,650.00","3,650.00","3,650.00","3,650.00","0.00K","0.00%"
"05-11-2018","3,650.00","3,650.00","3,650.00","3,650.00","","0.00%"
"02-11-2018","3,650.00","3,650.00","3,650.00","3,650.00","","0.00%"
"01-11-2018","3,650.00","3,650.00","3,650.00","3,650.00","0.00K","0.00%"
"31-10-2018","3,650.00","3,650.00","3,650.00","3,650.00","0.00K","0.00%"
"30-10-2018","3,650.00","3,650.00","3,650.00","3,650.00","","0.00%"
"29-10-2018","3,650.00","3,650.00","3,650.00","3,650.00","","0.00%"
"26-10-2018","3,650.00","3,650.00","3,650.00","3,650.00","","0.00%"
"25-10-2018","3,650.00","3,650.00","3,650.00","3,650.00","","0.00%"
"24-10-2018","3,650.00","3,650.00","3,650.00","3,650.00","","0.00%"
"23-10-2018","3,650.00","3,650.00","3,650.00","3,650.00","","0.00%"
"22-10-2018","3,650.00","3,650.00","3,650.00","3,650.00","","0.00%"
"19-10-2018","3,650.00","3,650.00","3,650.00","3,650.00","","0.00%"
"18-10-2018","3,650.00","3,650.00","3,650.00","3,650.00","","0.00%"
"17-10-2018","3,650.00","3,650.00","3,650.00","3,650.00","","0.00%"
"16-10-2018","3,650.00","3,650.00","3,650.00","3,650.00","","0.00%"
"15-10-2018","3,650.00","3,650.00","3,650.00","3,650.00","","0.00%"
"12-10-2018","3,650.00","3,650.00","3,650.00","3,650.00","0.00K","0.00%"
"11-10-2018","3,650.00","3,650.00","3,650.00","3,650.00","0.00K","0.00%"
"10-10-2018","3,650.00","3,650.00","3,650.00","3,650.00","","0.00%"
"09-10-2018","3,650.00","3,650.00","3,650.00","3,650.00","","0.00%"
"08-10-2018","3,650.00","3,650.00","3,650.00","3,650.00","","0.00%"
"05-10-2018","3,650.00","3,650.00","3,650.00","3,650.00","","0.00%"
"04-10-2018","3,650.00","3,650.00","3,650.00","3,650.00","","0.00%"
"03-10-2018","3,650.00","3,650.00","3,650.00","3,650.00","","0.00%"
"02-10-2018","3,650.00","3,650.00","3,650.00","3,650.00","","0.00%"
"01-10-2018","3,650.00","3,650.00","3,650.00","3,650.00","","0.00%"
"28-09-2018","3,650.00","3,650.00","3,650.00","3,650.00","","0.00%"
"27-09-2018","3,650.00","3,650.00","3,650.00","3,650.00","","0.00%"
"26-09-2018","3,650.00","3,650.00","3,650.00","3,650.00","","0.00%"
"25-09-2018","3,650.00","3,650.00","3,650.00","3,650.00","","0.00%"
"21-09-2018","3,650.00","3,650.00","3,650.00","3,650.00","","1.39%"
"20-09-2018","3,600.00","3,600.00","3,600.00","3,600.00","","0.00%"
"19-09-2018","3,600.00","3,600.00","3,600.00","3,600.00","","0.00%"
"18-09-2018","3,600.00","3,600.00","3,600.00","3,600.00","","0.00%"
"17-09-2018","3,600.00","3,600.00","3,600.00","3,600.00","","0.00%"
"14-09-2018","3,600.00","3,600.00","3,600.00","3,600.00","","0.00%"
"13-09-2018","3,600.00","3,600.00","3,600.00","3,600.00","","0.00%"
"12-09-2018","3,600.00","3,600.00","3,600.00","3,600.00","","0.00%"
"11-09-2018","3,600.00","3,600.00","3,600.00","3,600.00","","1.41%"
"10-09-2018","3,550.00","3,550.00","3,550.00","3,550.00","","1.43%"
"07-09-2018","3,500.00","3,500.00","3,500.00","3,500.00","","0.00%"
"06-09-2018","3,500.00","3,500.00","3,500.00","3,500.00","","0.00%"
"05-09-2018","3,500.00","3,500.00","3,500.00","3,500.00","","0.00%"
"04-09-2018","3,500.00","3,500.00","3,500.00","3,500.00","","0.00%"
"03-09-2018","3,500.00","3,500.00","3,500.00","3,500.00","","0.00%"
"31-08-2018","3,500.00","3,500.00","3,500.00","3,500.00","","0.00%"
"30-08-2018","3,500.00","3,500.00","3,500.00","3,500.00","","0.00%"
"29-08-2018","3,500.00","3,500.00","3,500.00","3,500.00","","0.00%"
"28-08-2018","3,500.00","3,500.00","3,500.00","3,500.00","","0.00%"
"27-08-2018","3,500.00","3,500.00","3,500.00","3,500.00","0.00K","0.00%"
"24-08-2018","3,500.00","3,500.00","3,500.00","3,500.00","","0.00%"
"23-08-2018","3,500.00","3,500.00","3,500.00","3,500.00","0.00K","0.00%"
"22-08-2018","3,500.00","3,500.00","3,500.00","3,500.00","0.00K","2.94%"
"21-08-2018","3,400.00","3,400.00","3,400.00","3,400.00","","0.00%"
"20-08-2018","3,400.00","3,400.00","3,400.00","3,400.00","","0.00%"
"17-08-2018","3,400.00","3,400.00","3,400.00","3,400.00","","1.49%"
"16-08-2018","3,350.00","3,350.00","3,350.00","3,350.00","","0.00%"
"15-08-2018","3,350.00","3,350.00","3,350.00","3,350.00","","0.00%"
"14-08-2018","3,350.00","3,350.00","3,350.00","3,350.00","","1.21%"
"13-08-2018","3,310.00","3,310.00","3,310.00","3,310.00","","0.00%"
"10-08-2018","3,310.00","3,310.00","3,310.00","3,310.00","","0.00%"
"08-08-2018","3,310.00","3,310.00","3,310.00","3,310.00","","0.00%"
"07-08-2018","3,310.00","3,310.00","3,310.00","3,310.00","","0.00%"
"06-08-2018","3,310.00","3,310.00","3,310.00","3,310.00","","0.00%"
"03-08-2018","3,310.00","3,310.00","3,310.00","3,310.00","","0.00%"
"02-08-2018","3,310.00","3,310.00","3,310.00","3,310.00","","0.00%"
"01-08-2018","3,310.00","3,310.00","3,310.00","3,310.00","","0.00%"
"31-07-2018","3,310.00","3,310.00","3,310.00","3,310.00","","0.00%"
"30-07-2018","3,310.00","3,310.00","3,310.00","3,310.00","","0.00%"
"27-07-2018","3,310.00","3,310.00","3,310.00","3,310.00","","0.00%"
"26-07-2018","3,310.00","3,310.00","3,310.00","3,310.00","","0.00%"
"25-07-2018","3,310.00","3,310.00","3,310.00","3,310.00","","0.30%"
"24-07-2018","3,300.00","3,300.00","3,300.00","3,300.00","","0.00%"
"23-07-2018","3,300.00","3,300.00","3,300.00","3,300.00","","0.00%"
"20-07-2018","3,300.00","3,300.00","3,300.00","3,300.00","","0.00%"
"19-07-2018","3,300.00","3,300.00","3,300.00","3,300.00","","0.00%"
"18-07-2018","3,300.00","3,300.00","3,300.00","3,300.00","","1.54%"
"17-07-2018","3,250.00","3,250.00","3,250.00","3,250.00","","0.00%"
"16-07-2018","3,250.00","3,250.00","3,250.00","3,250.00","","0.00%"
"13-07-2018","3,250.00","3,250.00","3,250.00","3,250.00","","0.00%"
"12-07-2018","3,250.00","3,250.00","3,250.00","3,250.00","","1.56%"
"11-07-2018","3,200.00","3,200.00","3,200.00","3,200.00","","0.00%"
"10-07-2018","3,200.00","3,200.00","3,200.00","3,200.00","","0.00%"
"09-07-2018","3,200.00","3,200.00","3,200.00","3,200.00","0.00K","0.63%"
"06-07-2018","3,180.00","3,180.00","3,180.00","3,180.00","","0.00%"
"05-07-2018","3,180.00","3,180.00","3,180.00","3,180.00","","0.00%"
"04-07-2018","3,180.00","3,180.00","3,180.00","3,180.00","","0.00%"
"03-07-2018","3,180.00","3,180.00","3,180.00","3,180.00","","0.00%"
"02-07-2018","3,180.00","3,180.00","3,180.00","3,180.00","","0.00%"
"29-06-2018","3,180.00","3,180.00","3,180.00","3,180.00","","0.00%"
"28-06-2018","3,180.00","3,180.00","3,180.00","3,180.00","","0.00%"
"27-06-2018","3,180.00","3,180.00","3,180.00","3,180.00","","0.00%"
"26-06-2018","3,180.00","3,180.00","3,180.00","3,180.00","","0.00%"
"25-06-2018","3,180.00","3,160.00","3,160.00","3,160.00","0.00K","0.00%"
"22-06-2018","3,180.00","3,180.00","3,180.00","3,180.00","0.00K","2.25%"
"21-06-2018","3,110.00","3,110.00","3,110.00","3,110.00","","0.00%"
"20-06-2018","3,110.00","3,110.00","3,110.00","3,110.00","","0.00%"
"19-06-2018","3,110.00","3,110.00","3,110.00","3,110.00","","0.00%"
"18-06-2018","3,110.00","3,110.00","3,110.00","3,110.00","","0.00%"
"15-06-2018","3,110.00","3,110.00","3,110.00","3,110.00","","0.32%"
"14-06-2018","3,100.00","3,100.00","3,100.00","3,100.00","0.06K","-0.32%"
"13-06-2018","3,110.00","3,180.00","3,180.00","3,110.00","0.00K","0.00%"
"12-06-2018","3,110.00","3,110.00","3,110.00","3,110.00","","1.30%"
"11-06-2018","3,070.00","3,070.00","3,070.00","3,070.00","","0.00%"
"08-06-2018","3,070.00","3,070.00","3,070.00","3,070.00","","0.00%"
"07-06-2018","3,070.00","3,070.00","3,070.00","3,070.00","","0.00%"
"06-06-2018","3,070.00","3,070.00","3,070.00","3,070.00","","0.00%"
"05-06-2018","3,070.00","3,070.00","3,070.00","3,070.00","","0.00%"
"04-06-2018","3,070.00","3,070.00","3,070.00","3,070.00","0.00K","1.99%"
"01-06-2018","3,010.00","3,010.00","3,010.00","3,010.00","","0.00%"
"31-05-2018","3,010.00","3,010.00","3,010.00","3,010.00","0.01K","0.00%"
"30-05-2018","3,010.00","3,010.00","3,010.00","3,010.00","","0.00%"
"29-05-2018","3,010.00","3,010.00","3,010.00","3,010.00","","0.00%"
"28-05-2018","3,010.00","3,010.00","3,010.00","3,010.00","","0.33%"
"25-05-2018","3,000.00","3,000.00","3,000.00","3,000.00","","-3.32%"
"24-05-2018","3,103.00","3,103.00","3,103.00","3,103.00","","0.00%"
"23-05-2018","3,103.00","3,103.00","3,103.00","3,103.00","","0.00%"
"22-05-2018","3,103.00","3,103.00","3,103.00","3,103.00","","0.00%"
"21-05-2018","3,103.00","3,103.00","3,103.00","3,103.00","","0.00%"
"18-05-2018","3,103.00","3,103.00","3,103.00","3,103.00","","0.00%"
"17-05-2018","3,103.00","3,103.00","3,103.00","3,103.00","","0.00%"
"16-05-2018","3,103.00","3,103.00","3,103.00","3,103.00","","0.00%"
"15-05-2018","3,103.00","3,103.00","3,103.00","3,103.00","","0.00%"
"14-05-2018","3,103.00","3,103.00","3,103.00","3,103.00","","0.00%"
"11-05-2018","3,103.00","3,103.00","3,103.00","3,103.00","","0.00%"
"10-05-2018","3,103.00","3,103.00","3,103.00","3,103.00","","0.00%"
"09-05-2018","3,103.00","3,103.00","3,103.00","3,103.00","","0.00%"
"08-05-2018","3,103.00","3,103.00","3,103.00","3,103.00","","0.00%"
"07-05-2018","3,103.00","3,103.00","3,103.00","3,103.00","","0.00%"
"04-05-2018","3,103.00","3,103.00","3,103.00","3,103.00","","0.00%"
"03-05-2018","3,103.00","3,103.00","3,103.00","3,103.00","","0.00%"
"02-05-2018","3,103.00","3,103.00","3,103.00","3,103.00","","0.00%"
"30-04-2018","3,103.00","3,103.00","3,103.00","3,103.00","","0.00%"
"26-04-2018","3,103.00","3,103.00","3,103.00","3,103.00","","0.00%"
"25-04-2018","3,103.00","3,103.00","3,103.00","3,103.00","","0.00%"
"24-04-2018","3,103.00","3,103.00","3,103.00","3,103.00","","0.00%"
"23-04-2018","3,103.00","3,103.00","3,103.00","3,103.00","","-0.86%"
"20-04-2018","3,130.00","3,130.00","3,130.00","3,130.00","","0.00%"
"19-04-2018","3,130.00","3,130.00","3,130.00","3,130.00","","0.00%"
"18-04-2018","3,130.00","3,130.00","3,130.00","3,130.00","","0.00%"
"17-04-2018","3,130.00","3,130.00","3,130.00","3,130.00","","0.00%"
"16-04-2018","3,130.00","3,130.00","3,130.00","3,130.00","","0.00%"
"13-04-2018","3,130.00","3,130.00","3,130.00","3,130.00","","0.00%"
"12-04-2018","3,130.00","3,130.00","3,130.00","3,130.00","","0.00%"
"11-04-2018","3,130.00","3,130.00","3,130.00","3,130.00","","0.00%"
"10-04-2018","3,130.00","3,130.00","3,130.00","3,130.00","","0.00%"
"09-04-2018","3,130.00","3,130.00","3,130.00","3,130.00","","0.00%"
"06-04-2018","3,130.00","3,130.00","3,130.00","3,130.00","","0.00%"
"05-04-2018","3,130.00","3,130.00","3,130.00","3,130.00","","0.00%"
"04-04-2018","3,130.00","3,130.00","3,130.00","3,130.00","","0.00%"
"03-04-2018","3,130.00","3,130.00","3,130.00","3,130.00","","0.00%"
"29-03-2018","3,130.00","3,130.00","3,130.00","3,130.00","","0.00%"
"28-03-2018","3,130.00","3,130.00","3,130.00","3,130.00","","0.00%"
"27-03-2018","3,130.00","3,130.00","3,130.00","3,130.00","","0.00%"
"26-03-2018","3,130.00","3,130.00","3,130.00","3,130.00","","0.00%"
"23-03-2018","3,130.00","3,130.00","3,130.00","3,130.00","","-7.94%"
"22-03-2018","3,400.00","3,400.00","3,400.00","3,400.00","","0.00%"
"20-03-2018","3,400.00","3,400.00","3,400.00","3,400.00","0.00K","3.03%"
"19-03-2018","3,300.00","3,300.00","3,300.00","3,300.00","","0.00%"
"16-03-2018","3,300.00","3,300.00","3,300.00","3,300.00","","4.76%"
"15-03-2018","3,150.00","3,150.00","3,150.00","3,150.00","","0.00%"
"14-03-2018","3,150.00","3,150.00","3,150.00","3,150.00","","0.00%"
"13-03-2018","3,150.00","3,150.00","3,150.00","3,150.00","","0.00%"
"12-03-2018","3,150.00","3,150.00","3,150.00","3,150.00","","0.00%"
"09-03-2018","3,150.00","3,150.00","3,150.00","3,150.00","","0.00%"
"08-03-2018","3,150.00","3,150.00","3,150.00","3,150.00","","1.61%"
"07-03-2018","3,100.00","3,100.00","3,100.00","3,100.00","","6.90%"
"06-03-2018","2,900.00","2,900.00","2,900.00","2,900.00","","3.57%"
"05-03-2018","2,800.00","2,500.00","2,500.00","2,500.00","0.00K","-9.68%"
"02-03-2018","3,100.00","3,100.00","3,100.00","3,100.00","","0.00%"
"01-03-2018","3,100.00","3,100.00","3,100.00","3,100.00","","1.97%"
"28-02-2018","3,040.00","3,040.00","3,040.00","3,040.00","","0.00%"
"27-02-2018","3,040.00","3,040.00","3,040.00","3,040.00","0.01K","1.33%"
"26-02-2018","3,000.00","3,000.00","3,000.00","3,000.00","","0.00%"
"23-02-2018","3,000.00","3,000.00","3,000.00","3,000.00","","0.00%"
"22-02-2018","3,000.00","3,000.00","3,000.00","3,000.00","","0.00%"
"21-02-2018","3,000.00","3,000.00","3,000.00","3,000.00","","0.00%"
"20-02-2018","3,000.00","3,000.00","3,000.00","3,000.00","","0.00%"
"19-02-2018","3,000.00","3,000.00","3,000.00","3,000.00","","0.00%"
"16-02-2018","3,000.00","3,000.00","3,000.00","3,000.00","","0.00%"
"15-02-2018","3,000.00","3,000.00","3,000.00","3,000.00","","0.00%"
"14-02-2018","3,000.00","3,000.00","3,000.00","3,000.00","","0.00%"
"13-02-2018","3,000.00","3,000.00","3,000.00","3,000.00","","0.00%"
"12-02-2018","3,000.00","3,000.00","3,000.00","3,000.00","0.00K","0.00%"
"09-02-2018","3,000.00","3,000.00","3,000.00","3,000.00","","0.00%"
"08-02-2018","3,000.00","3,000.00","3,000.00","3,000.00","","0.67%"
"07-02-2018","2,980.00","2,980.00","2,980.00","2,980.00","","0.00%"
"06-02-2018","2,980.00","2,980.00","2,980.00","2,980.00","","0.00%"
"05-02-2018","2,980.00","2,980.00","2,980.00","2,980.00","","0.00%"
"02-02-2018","2,980.00","2,980.00","2,980.00","2,980.00","","0.00%"
"01-02-2018","2,980.00","2,980.00","2,980.00","2,980.00","","0.00%"
"31-01-2018","2,980.00","2,980.00","2,980.00","2,980.00","0.01K","0.00%"
"30-01-2018","2,980.00","2,980.00","2,980.00","2,980.00","0.01K","0.00%"
"29-01-2018","2,980.00","2,980.00","2,980.00","2,980.00","","0.00%"
"26-01-2018","2,980.00","2,980.00","2,980.00","2,980.00","","0.00%"
"25-01-2018","2,980.00","2,980.00","2,980.00","2,980.00","","0.00%"
"24-01-2018","2,980.00","2,980.00","2,980.00","2,980.00","","0.00%"
"23-01-2018","2,980.00","2,980.00","2,980.00","2,980.00","","0.00%"
"22-01-2018","2,980.00","2,980.00","2,980.00","2,980.00","","0.00%"
"19-01-2018","2,980.00","2,980.00","2,980.00","2,980.00","","2.41%"
"18-01-2018","2,910.00","2,910.00","2,910.00","2,910.00","","0.00%"
"17-01-2018","2,910.00","2,910.00","2,910.00","2,910.00","","2.11%"
"16-01-2018","2,850.00","2,850.00","2,850.00","2,850.00","","0.00%"
"15-01-2018","2,850.00","2,850.00","2,850.00","2,850.00","","0.00%"
"12-01-2018","2,850.00","2,850.00","2,850.00","2,850.00","","0.00%"
"11-01-2018","2,850.00","2,850.00","2,850.00","2,850.00","","0.00%"
"10-01-2018","2,850.00","2,850.00","2,850.00","2,850.00","","0.00%"
"09-01-2018","2,850.00","2,850.00","2,850.00","2,850.00","0.00K","0.00%"
"08-01-2018","2,850.00","2,850.00","2,850.00","2,850.00","0.01K","0.00%"
"05-01-2018","2,850.00","2,850.00","2,850.00","2,850.00","","0.00%"
"04-01-2018","2,850.00","2,850.00","2,850.00","2,850.00","","0.00%"
"03-01-2018","2,850.00","2,850.00","2,850.00","2,850.00","","0.00%"
"02-01-2018","2,850.00","2,850.00","2,850.00","2,850.00","","0.00%"
"29-12-2017","2,850.00","2,850.00","2,850.00","2,850.00","","0.00%"
"28-12-2017","2,850.00","2,850.00","2,850.00","2,850.00","","0.00%"
"27-12-2017","2,850.00","2,850.00","2,850.00","2,850.00","","0.00%"
"22-12-2017","2,850.00","2,850.00","2,850.00","2,850.00","","0.00%"
"21-12-2017","2,850.00","2,850.00","2,850.00","2,850.00","","2.52%"
"20-12-2017","2,780.00","2,780.00","2,780.00","2,780.00","","0.00%"
"19-12-2017","2,780.00","2,780.00","2,780.00","2,780.00","","0.00%"
"18-12-2017","2,780.00","2,780.00","2,780.00","2,780.00","","0.00%"
"15-12-2017","2,780.00","2,780.00","2,780.00","2,780.00","","0.00%"
"14-12-2017","2,780.00","2,780.00","2,780.00","2,780.00","0.00K","4.91%"
"13-12-2017","2,650.00","2,650.00","2,650.00","2,650.00","","0.00%"
"12-12-2017","2,650.00","2,650.00","2,650.00","2,650.00","","0.00%"
"11-12-2017","2,650.00","2,650.00","2,650.00","2,650.00","","0.00%"
"08-12-2017","2,650.00","2,650.00","2,650.00","2,650.00","","0.00%"
"07-12-2017","2,650.00","2,650.00","2,650.00","2,650.00","","0.00%"
"06-12-2017","2,650.00","2,650.00","2,650.00","2,650.00","","0.00%"
"05-12-2017","2,650.00","2,650.00","2,650.00","2,650.00","","0.00%"
"04-12-2017","2,650.00","2,650.00","2,650.00","2,650.00","","1.15%"
"01-12-2017","2,620.00","2,620.00","2,620.00","2,620.00","","0.00%"
"30-11-2017","2,620.00","2,620.00","2,620.00","2,620.00","","0.00%"
"29-11-2017","2,620.00","2,620.00","2,620.00","2,620.00","0.01K","0.00%"
"28-11-2017","2,620.00","2,620.00","2,620.00","2,620.00","","0.00%"
"27-11-2017","2,620.00","2,620.00","2,620.00","2,620.00","","0.00%"
"24-11-2017","2,620.00","2,620.00","2,620.00","2,620.00","","0.00%"
"23-11-2017","2,620.00","2,620.00","2,620.00","2,620.00","","0.00%"
"22-11-2017","2,620.00","2,620.00","2,620.00","2,620.00","","0.00%"
"21-11-2017","2,620.00","2,620.00","2,620.00","2,620.00","","0.00%"
"20-11-2017","2,620.00","2,620.00","2,620.00","2,620.00","","0.00%"
"17-11-2017","2,620.00","2,620.00","2,620.00","2,620.00","","0.00%"
"16-11-2017","2,620.00","2,620.00","2,620.00","2,620.00","","0.00%"
"15-11-2017","2,620.00","2,620.00","2,620.00","2,620.00","","0.00%"
"14-11-2017","2,620.00","2,620.00","2,620.00","2,620.00","","0.00%"
"13-11-2017","2,620.00","2,620.00","2,620.00","2,620.00","","0.00%"
"10-11-2017","2,620.00","2,620.00","2,620.00","2,620.00","","0.00%"
"09-11-2017","2,620.00","2,620.00","2,620.00","2,620.00","","0.00%"
"08-11-2017","2,620.00","2,620.00","2,620.00","2,620.00","","0.00%"
"07-11-2017","2,620.00","2,620.00","2,620.00","2,620.00","","0.00%"
"06-11-2017","2,620.00","2,620.00","2,620.00","2,620.00","","0.00%"
"03-11-2017","2,620.00","2,620.00","2,620.00","2,620.00","","0.00%"
"02-11-2017","2,620.00","2,620.00","2,620.00","2,620.00","","0.00%"
"01-11-2017","2,620.00","2,620.00","2,620.00","2,620.00","","0.00%"
"31-10-2017","2,620.00","2,620.00","2,620.00","2,620.00","","0.00%"
"30-10-2017","2,620.00","2,620.00","2,620.00","2,620.00","","0.00%"
"27-10-2017","2,620.00","2,620.00","2,620.00","2,620.00","0.00K","2.75%"
"26-10-2017","2,550.00","2,550.00","2,550.00","2,550.00","","0.00%"
"25-10-2017","2,550.00","2,550.00","2,550.00","2,550.00","","0.00%"
"24-10-2017","2,550.00","2,550.00","2,550.00","2,550.00","","0.00%"
"23-10-2017","2,550.00","2,550.00","2,550.00","2,550.00","","0.00%"
"20-10-2017","2,550.00","2,550.00","2,550.00","2,550.00","","0.00%"
"19-10-2017","2,550.00","2,550.00","2,550.00","2,550.00","","0.00%"
"18-10-2017","2,550.00","2,550.00","2,550.00","2,550.00","","0.00%"
"17-10-2017","2,550.00","2,550.00","2,550.00","2,550.00","","0.00%"
"16-10-2017","2,550.00","2,550.00","2,550.00","2,550.00","0.01K","2.00%"
"13-10-2017","2,500.00","2,500.00","2,500.00","2,500.00","0.01K","-1.96%"
"12-10-2017","2,550.00","2,550.00","2,550.00","2,550.00","","-0.78%"
"11-10-2017","2,570.00","2,570.00","2,570.00","2,570.00","","0.00%"
"10-10-2017","2,570.00","2,570.00","2,570.00","2,570.00","","0.00%"
"09-10-2017","2,570.00","2,570.00","2,570.00","2,570.00","","-1.15%"
"06-10-2017","2,600.00","2,600.00","2,600.00","2,600.00","","0.00%"
"05-10-2017","2,600.00","2,600.00","2,600.00","2,600.00","","0.00%"
"04-10-2017","2,600.00","2,600.00","2,600.00","2,600.00","","-0.76%"
"03-10-2017","2,620.00","2,620.00","2,620.00","2,620.00","","-1.13%"
"02-10-2017","2,650.00","2,650.00","2,650.00","2,650.00","","0.00%"
"29-09-2017","2,650.00","2,650.00","2,650.00","2,650.00","","0.00%"
"28-09-2017","2,650.00","2,650.00","2,650.00","2,650.00","","0.00%"
"27-09-2017","2,650.00","2,650.00","2,650.00","2,650.00","","-1.85%"
"26-09-2017","2,700.00","2,700.00","2,700.00","2,700.00","","0.00%"
"22-09-2017","2,700.00","2,700.00","2,700.00","2,700.00","","8.00%"
"21-09-2017","2,500.00","2,500.00","2,500.00","2,500.00","","0.00%"
"20-09-2017","2,500.00","2,500.00","2,500.00","2,500.00","","0.00%"
"19-09-2017","2,500.00","2,500.00","2,500.00","2,500.00","0.01K","0.00%"
"18-09-2017","2,500.00","2,500.00","2,500.00","2,500.00","","0.00%"
"15-09-2017","2,500.00","2,500.00","2,500.00","2,500.00","","0.00%"
"14-09-2017","2,500.00","2,500.00","2,500.00","2,500.00","","0.00%"
"13-09-2017","2,500.00","2,500.00","2,500.00","2,500.00","","0.00%"
"12-09-2017","2,500.00","2,500.00","2,500.00","2,500.00","","0.00%"
"11-09-2017","2,500.00","2,500.00","2,500.00","2,500.00","","0.00%"
"08-09-2017","2,500.00","2,500.00","2,500.00","2,500.00","","0.00%"
"07-09-2017","2,500.00","2,500.00","2,500.00","2,500.00","","0.00%"
"06-09-2017","2,500.00","2,500.00","2,500.00","2,500.00","","0.00%"
"05-09-2017","2,500.00","2,500.00","2,500.00","2,500.00","","0.00%"
"04-09-2017","2,500.00","2,500.00","2,500.00","2,500.00","","0.00%"
"01-09-2017","2,500.00","2,500.00","2,500.00","2,500.00","","0.00%"
"31-08-2017","2,500.00","2,500.00","2,500.00","2,500.00","","0.00%"
"30-08-2017","2,500.00","2,500.00","2,500.00","2,500.00","0.00K","-1.96%"
"29-08-2017","2,550.00","2,550.00","2,550.00","2,550.00","","0.00%"
"28-08-2017","2,550.00","2,550.00","2,550.00","2,550.00","","-0.39%"
"25-08-2017","2,560.00","2,560.00","2,560.00","2,560.00","","0.00%"
"24-08-2017","2,560.00","2,560.00","2,560.00","2,560.00","","0.00%"
"23-08-2017","2,560.00","2,560.00","2,560.00","2,560.00","","0.00%"
"22-08-2017","2,560.00","2,560.00","2,560.00","2,560.00","","0.00%"
"21-08-2017","2,560.00","2,560.00","2,560.00","2,560.00","0.01K","-1.54%"
"18-08-2017","2,600.00","2,600.00","2,600.00","2,600.00","","0.00%"
"17-08-2017","2,600.00","2,600.00","2,600.00","2,600.00","","-0.76%"
"16-08-2017","2,620.00","2,620.00","2,620.00","2,620.00","","0.00%"
"15-08-2017","2,620.00","2,620.00","2,620.00","2,620.00","","0.00%"
"14-08-2017","2,620.00","2,620.00","2,620.00","2,620.00","","0.00%"
"11-08-2017","2,620.00","2,620.00","2,620.00","2,620.00","","0.00%"
"10-08-2017","2,620.00","2,620.00","2,620.00","2,620.00","","0.00%"
"08-08-2017","2,620.00","2,620.00","2,620.00","2,620.00","","0.00%"
"07-08-2017","2,620.00","2,620.00","2,620.00","2,620.00","","0.00%"
"04-08-2017","2,620.00","2,620.00","2,620.00","2,620.00","","-1.13%"
"03-08-2017","2,650.00","2,650.00","2,650.00","2,650.00","","-1.12%"
"02-08-2017","2,680.00","2,680.00","2,680.00","2,680.00","","-0.74%"
"01-08-2017","2,700.00","2,700.00","2,700.00","2,700.00","","0.00%"
"31-07-2017","2,700.00","2,700.00","2,700.00","2,700.00","","0.00%"
"28-07-2017","2,700.00","2,700.00","2,700.00","2,700.00","","0.00%"
"27-07-2017","2,700.00","2,700.00","2,700.00","2,700.00","","0.00%"
"26-07-2017","2,700.00","2,700.00","2,700.00","2,700.00","","-7.53%"
"25-07-2017","2,920.00","2,920.00","2,920.00","2,920.00","","11.03%"
"24-07-2017","2,630.00","2,630.00","2,630.00","2,630.00","","0.00%"
"21-07-2017","2,630.00","2,630.00","2,630.00","2,630.00","","0.00%"
"20-07-2017","2,630.00","2,630.00","2,630.00","2,630.00","0.00K","1.15%"
"19-07-2017","2,600.00","2,600.00","2,600.00","2,600.00","","0.00%"
"18-07-2017","2,600.00","2,600.00","2,600.00","2,600.00","","0.00%"
"17-07-2017","2,600.00","2,600.00","2,600.00","2,600.00","","0.00%"
"14-07-2017","2,600.00","2,600.00","2,600.00","2,600.00","","0.00%"
"13-07-2017","2,600.00","2,600.00","2,600.00","2,600.00","","0.00%"
"12-07-2017","2,600.00","2,620.00","2,620.00","2,600.00","0.00K","-1.89%"
"11-07-2017","2,650.00","2,650.00","2,650.00","2,650.00","","-0.38%"
"10-07-2017","2,660.00","2,660.00","2,660.00","2,660.00","","-1.48%"
"07-07-2017","2,700.00","2,700.00","2,700.00","2,700.00","","0.00%"
"06-07-2017","2,700.00","2,700.00","2,700.00","2,700.00","","0.00%"
"05-07-2017","2,700.00","2,700.00","2,700.00","2,700.00","","0.00%"
"04-07-2017","2,700.00","2,700.00","2,700.00","2,700.00","","0.00%"
"03-07-2017","2,700.00","2,700.00","2,700.00","2,700.00","","0.00%"
"30-06-2017","2,700.00","2,700.00","2,700.00","2,700.00","","0.00%"
"29-06-2017","2,700.00","2,700.00","2,700.00","2,700.00","","0.00%"
"28-06-2017","2,700.00","2,700.00","2,700.00","2,700.00","","0.00%"
"27-06-2017","2,700.00","2,700.00","2,700.00","2,700.00","","0.00%"
"26-06-2017","2,700.00","2,700.00","2,700.00","2,700.00","","0.00%"
"23-06-2017","2,700.00","2,700.00","2,700.00","2,700.00","","0.00%"
"22-06-2017","2,700.00","2,700.00","2,700.00","2,700.00","","0.00%"
"21-06-2017","2,700.00","2,700.00","2,700.00","2,700.00","","0.00%"
"20-06-2017","2,700.00","2,700.00","2,700.00","2,700.00","","0.00%"
"19-06-2017","2,700.00","2,700.00","2,700.00","2,700.00","","-1.82%"
"15-06-2017","2,750.00","2,750.00","2,750.00","2,750.00","","-0.25%"
"14-06-2017","2,757.00","2,757.00","2,757.00","2,757.00","","0.00%"
"13-06-2017","2,757.00","2,757.00","2,757.00","2,757.00","","0.00%"
"12-06-2017","2,757.00","2,730.00","2,730.00","2,730.00","0.00K","-1.54%"
"09-06-2017","2,800.00","2,800.00","2,800.00","2,800.00","","0.00%"
"08-06-2017","2,800.00","2,800.00","2,800.00","2,800.00","","0.00%"
"07-06-2017","2,800.00","2,800.00","2,800.00","2,800.00","","0.00%"
"06-06-2017","2,800.00","2,800.00","2,800.00","2,800.00","","0.00%"
"05-06-2017","2,800.00","2,800.00","2,800.00","2,800.00","","0.00%"
"02-06-2017","2,800.00","2,800.00","2,800.00","2,800.00","","-1.75%"
"01-06-2017","2,850.00","2,850.00","2,850.00","2,850.00","","0.00%"
"31-05-2017","2,850.00","2,850.00","2,850.00","2,850.00","","0.00%"
"30-05-2017","2,850.00","2,850.00","2,850.00","2,850.00","","0.00%"
"29-05-2017","2,850.00","2,850.00","2,850.00","2,850.00","","-1.72%"
"26-05-2017","2,900.00","2,900.00","2,900.00","2,900.00","","0.00%"
"25-05-2017","2,900.00","2,900.00","2,900.00","2,900.00","","3.57%"
"24-05-2017","2,800.00","2,800.00","2,800.00","2,800.00","","0.00%"
"23-05-2017","2,800.00","2,800.00","2,800.00","2,800.00","","0.00%"
"22-05-2017","2,800.00","2,800.00","2,800.00","2,800.00","","0.00%"
"19-05-2017","2,800.00","2,800.00","2,800.00","2,800.00","","0.00%"
"18-05-2017","2,800.00","2,800.00","2,800.00","2,800.00","","0.00%"
"17-05-2017","2,800.00","2,800.00","2,800.00","2,800.00","","0.00%"
"16-05-2017","2,800.00","2,800.00","2,800.00","2,800.00","","0.00%"
"15-05-2017","2,800.00","2,800.00","2,800.00","2,800.00","","0.00%"
"12-05-2017","2,800.00","2,800.00","2,800.00","2,800.00","","0.00%"
"11-05-2017","2,800.00","2,800.00","2,800.00","2,800.00","","0.00%"
"10-05-2017","2,800.00","2,800.00","2,800.00","2,800.00","0.00K","-1.75%"
"09-05-2017","2,850.00","2,850.00","2,850.00","2,850.00","","0.00%"
"08-05-2017","2,850.00","2,850.00","2,850.00","2,850.00","","-1.72%"
"05-05-2017","2,900.00","2,900.00","2,900.00","2,900.00","","0.00%"
"04-05-2017","2,900.00","2,900.00","2,900.00","2,900.00","","-2.36%"
"03-05-2017","2,970.00","2,970.00","2,970.00","2,970.00","","0.00%"
"02-05-2017","2,970.00","2,970.00","2,970.00","2,970.00","","0.00%"
"28-04-2017","2,970.00","2,970.00","2,970.00","2,970.00","","0.00%"
"26-04-2017","2,970.00","2,970.00","2,970.00","2,970.00","","0.00%"
"25-04-2017","2,970.00","2,970.00","2,970.00","2,970.00","","0.00%"
"24-04-2017","2,970.00","2,970.00","2,970.00","2,970.00","","0.00%"
"21-04-2017","2,970.00","2,970.00","2,970.00","2,970.00","","0.00%"
"20-04-2017","2,970.00","2,970.00","2,970.00","2,970.00","","0.00%"
"19-04-2017","2,970.00","2,970.00","2,970.00","2,970.00","","0.00%"
"18-04-2017","2,970.00","2,970.00","2,970.00","2,970.00","","0.00%"
"13-04-2017","2,970.00","2,970.00","2,970.00","2,970.00","","0.00%"
"12-04-2017","2,970.00","2,970.00","2,970.00","2,970.00","","0.00%"
"11-04-2017","2,970.00","2,970.00","2,970.00","2,970.00","","0.00%"
"10-04-2017","2,970.00","2,970.00","2,970.00","2,970.00","","0.00%"
"07-04-2017","2,970.00","2,970.00","2,970.00","2,970.00","","0.00%"
"06-04-2017","2,970.00","2,970.00","2,970.00","2,970.00","","0.00%"
"05-04-2017","2,970.00","2,970.00","2,970.00","2,970.00","","0.00%"
"04-04-2017","2,970.00","2,970.00","2,970.00","2,970.00","","0.00%"
"03-04-2017","2,970.00","2,970.00","2,970.00","2,970.00","","0.00%"
"31-03-2017","2,970.00","2,970.00","2,970.00","2,970.00","","0.00%"
"30-03-2017","2,970.00","2,970.00","2,970.00","2,970.00","","0.00%"
"29-03-2017","2,970.00","2,970.00","2,970.00","2,970.00","","0.00%"
"28-03-2017","2,970.00","2,970.00","2,970.00","2,970.00","","0.00%"
"27-03-2017","2,970.00","2,970.00","2,970.00","2,970.00","","-7.19%"
"24-03-2017","3,200.00","3,200.00","3,200.00","3,200.00","","-2.44%"
"23-03-2017","3,280.00","3,280.00","3,280.00","3,280.00","","0.00%"
"22-03-2017","3,280.00","3,280.00","3,280.00","3,280.00","","0.00%"
"20-03-2017","3,280.00","3,280.00","3,280.00","3,280.00","","-0.61%"
"17-03-2017","3,300.00","3,300.00","3,300.00","3,300.00","","0.00%"
"16-03-2017","3,300.00","3,300.00","3,300.00","3,300.00","","0.00%"
"15-03-2017","3,300.00","3,300.00","3,300.00","3,300.00","","0.00%"
"14-03-2017","3,300.00","3,300.00","3,300.00","3,300.00","","0.00%"
"13-03-2017","3,300.00","3,300.00","3,300.00","3,300.00","","0.00%"
"10-03-2017","3,300.00","3,300.00","3,300.00","3,300.00","","0.00%"
"09-03-2017","3,300.00","3,300.00","3,300.00","3,300.00","","0.00%"
"08-03-2017","3,300.00","3,300.00","3,300.00","3,300.00","","0.00%"
"07-03-2017","3,300.00","3,300.00","3,300.00","3,300.00","","0.00%"
"06-03-2017","3,300.00","3,300.00","3,300.00","3,300.00","","0.00%"
"03-03-2017","3,300.00","3,300.00","3,300.00","3,300.00","","0.00%"
"02-03-2017","3,300.00","3,300.00","3,300.00","3,300.00","","0.00%"
"01-03-2017","3,300.00","3,300.00","3,300.00","3,300.00","","0.00%"
"28-02-2017","3,300.00","3,300.00","3,300.00","3,300.00","","0.00%"
"27-02-2017","3,300.00","3,300.00","3,300.00","3,300.00","","-5.17%"
"24-02-2017","3,480.00","3,480.00","3,480.00","3,480.00","","0.00%"
"23-02-2017","3,480.00","3,480.00","3,480.00","3,480.00","","0.00%"
"22-02-2017","3,480.00","3,480.00","3,480.00","3,480.00","","0.00%"
"21-02-2017","3,480.00","3,480.00","3,480.00","3,480.00","","0.00%"
"20-02-2017","3,480.00","3,480.00","3,480.00","3,480.00","","0.00%"
"17-02-2017","3,480.00","3,480.00","3,480.00","3,480.00","","0.00%"
"16-02-2017","3,480.00","3,480.00","3,480.00","3,480.00","","0.00%"
"15-02-2017","3,480.00","3,480.00","3,480.00","3,480.00","","0.00%"
"14-02-2017","3,480.00","3,480.00","3,480.00","3,480.00","","0.00%"
"13-02-2017","3,480.00","3,480.00","3,480.00","3,480.00","","0.00%"
"10-02-2017","3,480.00","3,480.00","3,480.00","3,480.00","","0.00%"
"09-02-2017","3,480.00","3,480.00","3,480.00","3,480.00","","0.00%"
"08-02-2017","3,480.00","3,480.00","3,480.00","3,480.00","","0.00%"
"07-02-2017","3,480.00","3,480.00","3,480.00","3,480.00","","0.00%"
"06-02-2017","3,480.00","3,480.00","3,480.00","3,480.00","","0.00%"
"03-02-2017","3,480.00","3,480.00","3,480.00","3,480.00","","0.00%"
"02-02-2017","3,480.00","3,480.00","3,480.00","3,480.00","","0.00%"
"01-02-2017","3,480.00","3,480.00","3,480.00","3,480.00","","0.00%"
"31-01-2017","3,480.00","3,480.00","3,480.00","3,480.00","","0.00%"
"30-01-2017","3,480.00","3,480.00","3,480.00","3,480.00","","0.00%"
"27-01-2017","3,480.00","3,480.00","3,480.00","3,480.00","","0.00%"
"26-01-2017","3,480.00","3,480.00","3,480.00","3,480.00","","0.00%"
"25-01-2017","3,480.00","3,480.00","3,480.00","3,480.00","","-0.57%"
"24-01-2017","3,500.00","3,500.00","3,500.00","3,500.00","","0.00%"
"23-01-2017","3,500.00","3,500.00","3,500.00","3,500.00","","0.00%"
"20-01-2017","3,500.00","3,500.00","3,500.00","3,500.00","","-4.11%"
"19-01-2017","3,650.00","3,650.00","3,650.00","3,650.00","","0.00%"
"18-01-2017","3,650.00","3,650.00","3,650.00","3,650.00","","0.00%"
"17-01-2017","3,650.00","3,650.00","3,650.00","3,650.00","","0.00%"
"16-01-2017","3,650.00","3,650.00","3,650.00","3,650.00","","-0.82%"
"13-01-2017","3,680.00","3,680.00","3,680.00","3,680.00","","0.00%"
"12-01-2017","3,680.00","3,680.00","3,680.00","3,680.00","","0.00%"
"11-01-2017","3,680.00","3,680.00","3,680.00","3,680.00","","0.00%"
"10-01-2017","3,680.00","3,680.00","3,680.00","3,680.00","","0.00%"
"09-01-2017","3,680.00","3,680.00","3,680.00","3,680.00","","0.00%"
"06-01-2017","3,680.00","3,680.00","3,680.00","3,680.00","","0.00%"
"05-01-2017","3,680.00","3,680.00","3,680.00","3,680.00","","0.00%"
"04-01-2017","3,680.00","3,680.00","3,680.00","3,680.00","","0.00%"
"03-01-2017","3,680.00","3,680.00","3,680.00","3,680.00","","0.00%"
"30-12-2016","3,680.00","3,680.00","3,680.00","3,680.00","","0.00%"
"29-12-2016","3,680.00","3,680.00","3,680.00","3,680.00","","0.00%"
"28-12-2016","3,680.00","3,680.00","3,680.00","3,680.00","","-2.95%"
"23-12-2016","3,792.00","3,792.00","3,792.00","3,792.00","","8.34%"
"22-12-2016","3,500.00","3,500.00","3,500.00","3,500.00","","0.00%"
"21-12-2016","3,500.00","3,500.00","3,500.00","3,500.00","","-1.96%"
"20-12-2016","3,570.00","3,570.00","3,570.00","3,570.00","","0.00%"
"19-12-2016","3,570.00","3,570.00","3,570.00","3,570.00","","0.00%"
"15-12-2016","3,570.00","3,570.00","3,570.00","3,570.00","","0.00%"
"14-12-2016","3,570.00","3,570.00","3,570.00","3,570.00","","0.00%"
"13-12-2016","3,570.00","3,570.00","3,570.00","3,570.00","","0.00%"
"12-12-2016","3,570.00","3,570.00","3,570.00","3,570.00","","0.00%"
"09-12-2016","3,570.00","3,570.00","3,570.00","3,570.00","","0.00%"
"08-12-2016","3,570.00","3,570.00","3,570.00","3,570.00","","0.00%"
"07-12-2016","3,570.00","3,570.00","3,570.00","3,570.00","","0.00%"
"06-12-2016","3,570.00","3,570.00","3,570.00","3,570.00","","0.00%"
"05-12-2016","3,570.00","3,570.00","3,570.00","3,570.00","","0.00%"
"02-12-2016","3,570.00","3,570.00","3,570.00","3,570.00","","0.00%"
"01-12-2016","3,570.00","3,570.00","3,570.00","3,570.00","","0.00%"
"30-11-2016","3,570.00","3,570.00","3,570.00","3,570.00","","0.00%"
"29-11-2016","3,570.00","3,570.00","3,570.00","3,570.00","","0.00%"
"28-11-2016","3,570.00","3,570.00","3,570.00","3,570.00","0.00K","0.00%"
"25-11-2016","3,570.00","3,570.00","3,570.00","3,570.00","","0.00%"
"24-11-2016","3,570.00","3,570.00","3,570.00","3,570.00","","0.00%"
"23-11-2016","3,570.00","3,570.00","3,570.00","3,570.00","","0.00%"
"22-11-2016","3,570.00","3,570.00","3,570.00","3,570.00","","0.00%"
"21-11-2016","3,570.00","3,570.00","3,570.00","3,570.00","","0.00%"
"18-11-2016","3,570.00","3,570.00","3,570.00","3,570.00","0.00K","2.00%"
"17-11-2016","3,500.00","3,500.00","3,500.00","3,500.00","","0.00%"
"16-11-2016","3,500.00","3,500.00","3,500.00","3,500.00","","0.00%"
"15-11-2016","3,500.00","3,500.00","3,500.00","3,500.00","","0.00%"
"14-11-2016","3,500.00","3,500.00","3,500.00","3,500.00","","0.00%"
"11-11-2016","3,500.00","3,500.00","3,500.00","3,500.00","","2.04%"
"10-11-2016","3,430.00","3,430.00","3,430.00","3,430.00","","0.29%"
"09-11-2016","3,420.00","3,420.00","3,420.00","3,420.00","","0.00%"
"08-11-2016","3,420.00","3,420.00","3,420.00","3,420.00","","0.00%"
"07-11-2016","3,420.00","3,420.00","3,420.00","3,420.00","","0.12%"
"04-11-2016","3,416.00","3,416.00","3,416.00","3,416.00","","0.00%"
"03-11-2016","3,416.00","3,416.00","3,416.00","3,416.00","","0.00%"
"02-11-2016","3,416.00","3,416.00","3,416.00","3,416.00","","0.00%"
"01-11-2016","3,416.00","3,416.00","3,416.00","3,416.00","","0.00%"
"31-10-2016","3,416.00","3,416.00","3,416.00","3,416.00","","0.00%"
"28-10-2016","3,416.00","3,416.00","3,416.00","3,416.00","","0.47%"
"27-10-2016","3,400.00","3,400.00","3,400.00","3,400.00","","0.00%"
"26-10-2016","3,400.00","3,400.00","3,400.00","3,400.00","","0.00%"
"25-10-2016","3,400.00","3,400.00","3,400.00","3,400.00","0.00K","-8.11%"
"24-10-2016","3,700.00","3,700.00","3,700.00","3,700.00","","0.00%"
"21-10-2016","3,700.00","3,700.00","3,700.00","3,700.00","","0.00%"
"20-10-2016","3,700.00","3,700.00","3,700.00","3,700.00","","0.00%"
"19-10-2016","3,700.00","3,700.00","3,700.00","3,700.00","","0.00%"
"18-10-2016","3,700.00","3,700.00","3,700.00","3,700.00","","0.00%"
"17-10-2016","3,700.00","3,700.00","3,700.00","3,700.00","","0.00%"
"14-10-2016","3,700.00","3,700.00","3,700.00","3,700.00","","0.00%"
"13-10-2016","3,700.00","3,700.00","3,700.00","3,700.00","","0.00%"
"12-10-2016","3,700.00","3,700.00","3,700.00","3,700.00","","0.00%"
"11-10-2016","3,700.00","3,700.00","3,700.00","3,700.00","","0.00%"
"10-10-2016","3,700.00","3,700.00","3,700.00","3,700.00","","0.00%"
"07-10-2016","3,700.00","3,700.00","3,700.00","3,700.00","","0.00%"
"06-10-2016","3,700.00","3,700.00","3,700.00","3,700.00","","0.00%"
"05-10-2016","3,700.00","3,700.00","3,700.00","3,700.00","","0.00%"
"04-10-2016","3,700.00","3,700.00","3,700.00","3,700.00","","0.00%"
"03-10-2016","3,700.00","3,700.00","3,700.00","3,700.00","","0.00%"
"30-09-2016","3,700.00","3,700.00","3,700.00","3,700.00","","0.00%"
"29-09-2016","3,700.00","3,700.00","3,700.00","3,700.00","","0.00%"
"28-09-2016","3,700.00","3,700.00","3,700.00","3,700.00","","0.00%"
"27-09-2016","3,700.00","3,700.00","3,700.00","3,700.00","","0.00%"
"26-09-2016","3,700.00","3,700.00","3,700.00","3,700.00","","9.14%"
"23-09-2016","3,390.00","3,390.00","3,390.00","3,390.00","","0.00%"
"22-09-2016","3,390.00","3,390.00","3,390.00","3,390.00","","-0.29%"
"21-09-2016","3,400.00","3,400.00","3,400.00","3,400.00","","0.00%"
"20-09-2016","3,400.00","3,400.00","3,400.00","3,400.00","","0.00%"
"19-09-2016","3,400.00","3,400.00","3,400.00","3,400.00","","0.00%"
"16-09-2016","3,400.00","3,400.00","3,400.00","3,400.00","","0.00%"
"15-09-2016","3,400.00","3,400.00","3,400.00","3,400.00","","-1.45%"
"14-09-2016","3,450.00","3,450.00","3,450.00","3,450.00","","0.00%"
"13-09-2016","3,450.00","3,450.00","3,450.00","3,450.00","","-1.43%"
"12-09-2016","3,500.00","3,500.00","3,500.00","3,500.00","","0.00%"
"09-09-2016","3,500.00","3,500.00","3,500.00","3,500.00","","0.00%"
"08-09-2016","3,500.00","3,500.00","3,500.00","3,500.00","","0.00%"
"07-09-2016","3,500.00","3,500.00","3,500.00","3,500.00","","0.00%"
"06-09-2016","3,500.00","3,500.00","3,500.00","3,500.00","","0.00%"
"05-09-2016","3,500.00","3,500.00","3,500.00","3,500.00","","0.00%"
"02-09-2016","3,500.00","3,500.00","3,500.00","3,500.00","","0.00%"
"01-09-2016","3,500.00","3,500.00","3,500.00","3,500.00","","0.00%"
"31-08-2016","3,500.00","3,500.00","3,500.00","3,500.00","","0.00%"
"30-08-2016","3,500.00","3,500.00","3,500.00","3,500.00","","-1.41%"
"29-08-2016","3,550.00","3,550.00","3,550.00","3,550.00","","0.00%"
"26-08-2016","3,550.00","3,550.00","3,550.00","3,550.00","","0.00%"
"25-08-2016","3,550.00","3,550.00","3,550.00","3,550.00","","0.00%"
"24-08-2016","3,550.00","3,550.00","3,550.00","3,550.00","","0.00%"
"23-08-2016","3,550.00","3,550.00","3,550.00","3,550.00","","-1.39%"
"22-08-2016","3,600.00","3,600.00","3,600.00","3,600.00","","0.00%"
"19-08-2016","3,600.00","3,600.00","3,600.00","3,600.00","","0.00%"
"18-08-2016","3,600.00","3,600.00","3,600.00","3,600.00","","0.00%"
"17-08-2016","3,600.00","3,600.00","3,600.00","3,600.00","","0.00%"
"16-08-2016","3,600.00","3,600.00","3,600.00","3,600.00","","0.00%"
"15-08-2016","3,600.00","3,600.00","3,600.00","3,600.00","","0.00%"
"12-08-2016","3,600.00","3,600.00","3,600.00","3,600.00","","0.00%"
"11-08-2016","3,600.00","3,600.00","3,600.00","3,600.00","","0.00%"
"10-08-2016","3,600.00","3,600.00","3,600.00","3,600.00","","-0.83%"
"08-08-2016","3,630.00","3,630.00","3,630.00","3,630.00","","0.00%"
"05-08-2016","3,630.00","3,630.00","3,630.00","3,630.00","","0.00%"
"04-08-2016","3,630.00","3,630.00","3,630.00","3,630.00","","0.00%"
"02-08-2016","3,630.00","3,630.00","3,630.00","3,630.00","","0.00%"
"01-08-2016","3,630.00","3,630.00","3,630.00","3,630.00","","0.00%"
"29-07-2016","3,630.00","3,630.00","3,630.00","3,630.00","","0.00%"
"28-07-2016","3,630.00","3,630.00","3,630.00","3,630.00","","0.00%"
"27-07-2016","3,630.00","3,630.00","3,630.00","3,630.00","","0.00%"
"26-07-2016","3,630.00","3,630.00","3,630.00","3,630.00","","0.00%"
"25-07-2016","3,630.00","3,630.00","3,630.00","3,630.00","","2.83%"
"22-07-2016","3,530.00","3,530.00","3,530.00","3,530.00","","-0.54%"
"21-07-2016","3,549.00","3,550.00","3,550.00","3,549.00","0.01K","-0.03%"
"20-07-2016","3,550.00","3,580.00","3,580.00","3,500.00","0.01K","0.00%"
"19-07-2016","3,550.00","3,480.00","3,550.00","3,480.00","0.01K","0.00%"
"18-07-2016","3,550.00","3,550.00","3,550.00","3,550.00","","0.00%"
"15-07-2016","3,550.00","3,550.00","3,550.00","3,550.00","","0.00%"
"14-07-2016","3,550.00","3,550.00","3,550.00","3,550.00","","0.00%"
"13-07-2016","3,550.00","3,550.00","3,550.00","3,550.00","","0.03%"
"12-07-2016","3,549.00","3,549.00","3,549.00","3,549.00","","-0.03%"
"11-07-2016","3,550.00","3,550.00","3,550.00","3,550.00","0.00K","-3.53%"
"08-07-2016","3,680.00","3,680.00","3,680.00","3,680.00","","0.00%"
"07-07-2016","3,680.00","3,680.00","3,680.00","3,680.00","","0.00%"
"06-07-2016","3,680.00","3,680.00","3,680.00","3,680.00","","0.00%"
"05-07-2016","3,680.00","3,680.00","3,680.00","3,680.00","","0.00%"
"04-07-2016","3,680.00","3,680.00","3,680.00","3,680.00","","0.00%"
"01-07-2016","3,680.00","3,680.00","3,680.00","3,680.00","","0.00%"
"30-06-2016","3,680.00","3,680.00","3,680.00","3,680.00","","-0.54%"
"29-06-2016","3,700.00","3,700.00","3,700.00","3,700.00","","0.00%"
"28-06-2016","3,700.00","3,700.00","3,700.00","3,700.00","0.01K","-0.19%"
"27-06-2016","3,707.00","3,726.00","3,726.00","3,726.00","0.00K","1.39%"
"24-06-2016","3,656.00","3,656.00","3,656.00","3,656.00","","0.00%"
"23-06-2016","3,656.00","3,655.60","3,655.60","3,655.60","0.00K","-1.64%"
"22-06-2016","3,717.00","3,723.00","3,723.00","3,717.00","0.00K","-1.41%"
"21-06-2016","3,770.00","3,800.00","3,800.00","3,770.00","0.00K","-1.69%"
"20-06-2016","3,835.00","3,835.00","3,835.00","3,835.00","","0.00%"
"17-06-2016","3,835.00","3,835.00","3,835.00","3,835.00","","0.00%"
"15-06-2016","3,835.00","3,835.00","3,835.00","3,835.00","0.01K","1.86%"
"14-06-2016","3,765.00","3,765.00","3,765.00","3,765.00","0.00K","0.00%"
"13-06-2016","3,765.00","3,765.00","3,765.00","3,765.00","","0.00%"
"10-06-2016","3,765.00","3,765.00","3,765.00","3,765.00","","0.00%"
"09-06-2016","3,765.00","3,765.00","3,765.00","3,765.00","0.00K","0.00%"
"08-06-2016","3,765.00","3,765.00","3,765.00","3,765.00","0.00K","1.89%"
"07-06-2016","3,695.00","3,695.00","3,695.00","3,695.00","","-0.67%"
"06-06-2016","3,720.00","3,680.00","3,720.00","3,680.00","0.00K","1.09%"
"03-06-2016","3,680.00","3,680.00","3,680.00","3,680.00","","0.00%"
"02-06-2016","3,680.00","3,680.00","3,680.00","3,680.00","0.00K","-0.14%"
"01-06-2016","3,685.00","3,685.00","3,685.00","3,685.00","","0.00%"
"31-05-2016","3,685.00","3,685.00","3,685.00","3,685.00","","0.00%"
"30-05-2016","3,685.00","3,680.00","3,680.00","3,680.00","0.00K","0.14%"
"27-05-2016","3,680.00","3,680.00","3,680.00","3,680.00","","0.00%"
"26-05-2016","3,680.00","3,696.00","3,696.00","3,680.00","0.01K","-1.08%"
"25-05-2016","3,720.00","3,720.00","3,720.00","3,720.00","","2.54%"
"24-05-2016","3,628.00","3,628.00","3,628.00","3,628.00","","0.00%"
"23-05-2016","3,628.00","3,628.00","3,628.00","3,628.00","","0.00%"
"20-05-2016","3,628.00","3,610.00","3,610.00","3,610.00","0.00K","0.08%"
"19-05-2016","3,625.00","3,625.00","3,625.00","3,625.00","","0.14%"
"18-05-2016","3,620.00","3,620.00","3,620.00","3,620.00","","0.00%"
"17-05-2016","3,620.00","3,600.00","3,600.00","3,600.00","0.00K","-3.08%"
"16-05-2016","3,735.00","3,735.00","3,735.00","3,735.00","","0.00%"
"13-05-2016","3,735.00","3,735.00","3,735.00","3,735.00","","0.00%"
"12-05-2016","3,735.00","3,735.00","3,735.00","3,735.00","","0.95%"
"11-05-2016","3,700.00","3,700.00","3,700.00","3,700.00","","0.00%"
"10-05-2016","3,700.00","3,700.00","3,700.00","3,700.00","","-1.33%"
"09-05-2016","3,750.00","3,750.00","3,750.00","3,750.00","","0.00%"
"06-05-2016","3,750.00","3,750.00","3,750.00","3,750.00","","2.74%"
"05-05-2016","3,650.00","3,650.00","3,650.00","3,650.00","","0.00%"
"04-05-2016","3,650.00","3,650.00","3,650.00","3,650.00","","1.39%"
"03-05-2016","3,600.00","3,600.00","3,600.00","3,600.00","","0.00%"
"29-04-2016","3,600.00","3,600.00","3,600.00","3,600.00","","0.00%"
"28-04-2016","3,600.00","3,600.00","3,600.00","3,600.00","","0.00%"
"26-04-2016","3,600.00","3,600.00","3,600.00","3,600.00","","0.00%"
"25-04-2016","3,600.00","3,600.00","3,600.00","3,600.00","","0.00%"
"22-04-2016","3,600.00","3,600.00","3,600.00","3,600.00","","0.00%"
"21-04-2016","3,600.00","3,600.00","3,600.00","3,600.00","","0.00%"
"20-04-2016","3,600.00","3,600.00","3,600.00","3,600.00","","0.00%"
"19-04-2016","3,600.00","3,600.00","3,600.00","3,600.00","","0.00%"
"18-04-2016","3,600.00","3,600.00","3,600.00","3,600.00","","0.00%"
"15-04-2016","3,600.00","3,600.00","3,600.00","3,600.00","","0.00%"
"14-04-2016","3,600.00","3,600.00","3,600.00","3,600.00","","0.00%"
"13-04-2016","3,600.00","3,600.00","3,600.00","3,600.00","","0.00%"
"12-04-2016","3,600.00","3,600.00","3,600.00","3,600.00","","0.00%"
"11-04-2016","3,600.00","3,600.00","3,600.00","3,600.00","","0.00%"
"08-04-2016","3,600.00","3,600.00","3,600.00","3,600.00","","0.00%"
"07-04-2016","3,600.00","3,600.00","3,600.00","3,600.00","","0.00%"
"06-04-2016","3,600.00","3,600.00","3,600.00","3,600.00","","0.00%"
"05-04-2016","3,600.00","3,600.00","3,600.00","3,600.00","","0.00%"
"04-04-2016","3,600.00","3,600.00","3,600.00","3,600.00","","0.00%"
"01-04-2016","3,600.00","3,600.00","3,600.00","3,600.00","","0.00%"
"31-03-2016","3,600.00","3,600.00","3,600.00","3,600.00","","0.00%"
"30-03-2016","3,600.00","3,600.00","3,600.00","3,600.00","","0.00%"
"29-03-2016","3,600.00","3,600.00","3,600.00","3,600.00","","0.00%"
"24-03-2016","3,600.00","3,600.00","3,600.00","3,600.00","","0.00%"
"23-03-2016","3,600.00","3,600.00","3,600.00","3,600.00","","-9.55%"
"22-03-2016","3,980.00","3,980.00","3,980.00","3,980.00","","0.00%"
"18-03-2016","3,980.00","3,980.00","3,980.00","3,980.00","","0.00%"
"17-03-2016","3,980.00","3,980.00","3,980.00","3,980.00","","0.00%"
"16-03-2016","3,980.00","3,980.00","3,980.00","3,980.00","","0.00%"
"15-03-2016","3,980.00","3,980.00","3,980.00","3,980.00","","0.00%"
"14-03-2016","3,980.00","3,980.00","3,980.00","3,980.00","","0.00%"
"11-03-2016","3,980.00","3,980.00","3,980.00","3,980.00","","0.00%"
"10-03-2016","3,980.00","3,980.00","3,980.00","3,980.00","","-1.24%"
"09-03-2016","4,030.00","4,030.00","4,030.00","4,030.00","","0.00%"
"08-03-2016","4,030.00","4,030.00","4,030.00","4,030.00","","-0.49%"
"07-03-2016","4,050.00","4,050.00","4,050.00","4,050.00","","-0.74%"
"04-03-2016","4,080.00","4,080.00","4,080.00","4,080.00","","0.00%"
"03-03-2016","4,080.00","4,080.00","4,080.00","4,080.00","","0.00%"
"02-03-2016","4,080.00","4,080.00","4,080.00","4,080.00","","0.00%"
"01-03-2016","4,080.00","4,080.00","4,080.00","4,080.00","","0.00%"
"29-02-2016","4,080.00","4,080.00","4,080.00","4,080.00","0.00K","0.00%"
"26-02-2016","4,080.00","4,080.00","4,080.00","4,080.00","","0.00%"
"25-02-2016","4,080.00","4,080.00","4,080.00","4,080.00","","0.00%"
"24-02-2016","4,080.00","4,080.00","4,080.00","4,080.00","0.04K","0.00%"
"23-02-2016","4,080.00","4,080.00","4,080.00","4,080.00","","0.00%"
"22-02-2016","4,080.00","4,080.00","4,080.00","4,080.00","","0.00%"
"19-02-2016","4,080.00","4,080.00","4,080.00","4,080.00","","0.00%"
"18-02-2016","4,080.00","4,080.00","4,080.00","4,080.00","","0.00%"
"17-02-2016","4,080.00","4,080.00","4,080.00","4,080.00","","0.00%"
"16-02-2016","4,080.00","4,080.00","4,080.00","4,080.00","","0.00%"
"15-02-2016","4,080.00","4,080.00","4,080.00","4,080.00","","0.00%"
"12-02-2016","4,080.00","4,080.00","4,080.00","4,080.00","","0.00%"
"11-02-2016","4,080.00","4,080.00","4,080.00","4,080.00","0.00K","0.00%"
"10-02-2016","4,080.00","4,080.00","4,080.00","4,080.00","0.00K","0.00%"
"09-02-2016","4,080.00","4,080.00","4,080.00","4,080.00","0.00K","2.00%"
"08-02-2016","4,000.00","4,000.00","4,000.00","4,000.00","0.00K","2.04%"
"05-02-2016","3,920.00","3,920.00","3,920.00","3,920.00","0.00K","-2.00%"
"04-02-2016","4,000.00","4,000.00","4,000.00","4,000.00","0.00K","1.91%"
"03-02-2016","3,925.00","3,925.00","3,925.00","3,925.00","0.00K","1.95%"
"02-02-2016","3,850.00","3,850.00","3,850.00","3,850.00","","0.00%"
"01-02-2016","3,850.00","3,850.00","3,850.00","3,850.00","","0.00%"
"29-01-2016","3,850.00","3,850.00","3,850.00","3,850.00","","0.71%"
"28-01-2016","3,823.00","3,823.00","3,823.00","3,823.00","","0.00%"
"27-01-2016","3,823.00","3,823.00","3,823.00","3,823.00","","0.00%"
"26-01-2016","3,823.00","3,823.00","3,823.00","3,823.00","","0.00%"
"25-01-2016","3,823.00","3,823.00","3,823.00","3,823.00","","0.00%"
"22-01-2016","3,823.00","3,823.00","3,823.00","3,823.00","","0.00%"
"21-01-2016","3,823.00","3,823.00","3,823.00","3,823.00","","0.00%"
"20-01-2016","3,823.00","3,823.00","3,823.00","3,823.00","","2.08%"
"19-01-2016","3,745.00","3,745.00","3,745.00","3,745.00","","0.00%"
"18-01-2016","3,745.00","3,745.00","3,745.00","3,745.00","","2.18%"
"15-01-2016","3,665.00","3,665.00","3,665.00","3,665.00","","2.23%"
"14-01-2016","3,585.00","3,585.00","3,585.00","3,585.00","","0.99%"
"13-01-2016","3,550.00","3,550.00","3,550.00","3,550.00","","1.69%"
"12-01-2016","3,491.00","3,491.00","3,491.00","3,491.00","","0.00%"
"11-01-2016","3,491.00","3,491.00","3,491.00","3,491.00","","0.00%"
"08-01-2016","3,491.00","3,491.00","3,491.00","3,491.00","","0.00%"
"07-01-2016","3,491.00","3,491.00","3,491.00","3,491.00","","0.00%"
"06-01-2016","3,491.00","3,491.00","3,491.00","3,491.00","","0.00%"
"05-01-2016","3,491.00","3,491.00","3,491.00","3,491.00","","2.08%"
"04-01-2016","3,420.00","3,420.00","3,420.00","3,420.00","","0.00%"
"31-12-2015","3,420.00","3,420.00","3,420.00","3,420.00","","0.00%"
"30-12-2015","3,420.00","3,420.00","3,420.00","3,420.00","","1.39%"
"29-12-2015","3,373.00","3,373.00","3,373.00","3,373.00","","1.14%"
"28-12-2015","3,335.00","3,335.00","3,335.00","3,335.00","","0.00%"
"24-12-2015","3,335.00","3,335.00","3,335.00","3,335.00","","3.25%"
"23-12-2015","3,230.00","3,230.00","3,230.00","3,230.00","","0.00%"
"22-12-2015","3,230.00","3,230.00","3,230.00","3,230.00","","0.00%"
"21-12-2015","3,230.00","3,230.00","3,230.00","3,230.00","","0.00%"
"18-12-2015","3,230.00","3,230.00","3,230.00","3,230.00","","0.00%"
"17-12-2015","3,230.00","3,230.00","3,230.00","3,230.00","","0.00%"
"15-12-2015","3,230.00","3,230.00","3,230.00","3,230.00","","0.00%"
"14-12-2015","3,230.00","3,230.00","3,230.00","3,230.00","","0.00%"
"11-12-2015","3,230.00","3,230.00","3,230.00","3,230.00","0.00K","0.00%"
"10-12-2015","3,230.00","3,230.00","3,230.00","3,230.00","","0.00%"
"09-12-2015","3,230.00","3,230.00","3,230.00","3,230.00","","0.00%"
"08-12-2015","3,230.00","3,230.00","3,230.00","3,230.00","","0.00%"
"07-12-2015","3,230.00","3,230.00","3,230.00","3,230.00","","0.00%"
"04-12-2015","3,230.00","3,230.00","3,230.00","3,230.00","","0.00%"
"03-12-2015","3,230.00","3,230.00","3,230.00","3,230.00","0.00K","-0.62%"
"02-12-2015","3,250.00","3,250.00","3,250.00","3,250.00","","0.00%"
"01-12-2015","3,250.00","3,250.00","3,250.00","3,250.00","0.00K","1.88%"
"30-11-2015","3,190.00","3,190.00","3,190.00","3,190.00","","0.31%"
"27-11-2015","3,180.00","3,180.00","3,180.00","3,180.00","","0.00%"
"26-11-2015","3,180.00","3,180.00","3,180.00","3,180.00","","0.00%"
"25-11-2015","3,180.00","3,180.00","3,180.00","3,180.00","","0.00%"
"24-11-2015","3,180.00","3,180.00","3,180.00","3,180.00","","0.00%"
"23-11-2015","3,180.00","3,180.00","3,180.00","3,180.00","","0.00%"
"20-11-2015","3,180.00","3,180.00","3,180.00","3,180.00","","0.00%"
"19-11-2015","3,180.00","3,180.00","3,180.00","3,180.00","","0.00%"
"18-11-2015","3,180.00","3,180.00","3,180.00","3,180.00","","0.00%"
"17-11-2015","3,180.00","3,110.00","3,180.00","3,110.00","0.00K","2.58%"
"16-11-2015","3,100.00","3,100.00","3,100.00","3,100.00","","0.00%"
"13-11-2015","3,100.00","3,100.00","3,100.00","3,100.00","","0.00%"
"12-11-2015","3,100.00","3,040.00","3,040.00","3,040.00","0.00K","1.97%"
"11-11-2015","3,040.00","3,040.00","3,040.00","3,040.00","","0.00%"
"10-11-2015","3,040.00","3,040.00","3,040.00","3,040.00","0.00K","0.00%"
"09-11-2015","3,040.00","3,040.00","3,040.00","3,040.00","0.02K","0.00%"
"06-11-2015","3,040.00","3,040.00","3,040.00","3,040.00","","0.00%"
"05-11-2015","3,040.00","3,040.00","3,040.00","3,040.00","","0.00%"
"04-11-2015","3,040.00","3,040.00","3,040.00","3,040.00","","0.00%"
"03-11-2015","3,040.00","3,040.00","3,040.00","3,040.00","","0.00%"
"02-11-2015","3,040.00","3,040.00","3,040.00","3,040.00","","0.00%"
"30-10-2015","3,040.00","3,040.00","3,040.00","3,040.00","","0.00%"
"29-10-2015","3,040.00","3,040.00","3,040.00","3,040.00","","0.00%"
"28-10-2015","3,040.00","3,040.00","3,040.00","3,040.00","","0.00%"
"27-10-2015","3,040.00","3,040.00","3,040.00","3,040.00","","0.00%"
"26-10-2015","3,040.00","3,040.00","3,040.00","3,040.00","","0.00%"
"23-10-2015","3,040.00","3,040.00","3,040.00","3,040.00","","0.00%"
"22-10-2015","3,040.00","3,040.00","3,040.00","3,040.00","","0.00%"
"21-10-2015","3,040.00","3,040.00","3,040.00","3,040.00","","0.00%"
"20-10-2015","3,040.00","3,040.00","3,040.00","3,040.00","","0.00%"
"19-10-2015","3,040.00","3,040.00","3,040.00","3,040.00","","0.00%"
"16-10-2015","3,040.00","3,040.00","3,040.00","3,040.00","","0.00%"
"15-10-2015","3,040.00","3,040.00","3,040.00","3,040.00","","0.00%"
"14-10-2015","3,040.00","3,040.00","3,040.00","3,040.00","","0.00%"
"13-10-2015","3,040.00","3,040.00","3,040.00","3,040.00","","0.00%"
"12-10-2015","3,040.00","3,040.00","3,040.00","3,040.00","","0.00%"
"09-10-2015","3,040.00","3,040.00","3,040.00","3,040.00","","0.00%"
"08-10-2015","3,040.00","3,040.00","3,040.00","3,040.00","","0.00%"
"07-10-2015","3,040.00","3,040.00","3,040.00","3,040.00","","0.00%"
"06-10-2015","3,040.00","3,040.00","3,040.00","3,040.00","","0.00%"
"05-10-2015","3,040.00","3,040.00","3,040.00","3,040.00","","0.00%"
"02-10-2015","3,040.00","3,040.00","3,040.00","3,040.00","","0.00%"
"01-10-2015","3,040.00","3,040.00","3,040.00","3,040.00","","0.00%"
"30-09-2015","3,040.00","3,040.00","3,040.00","3,040.00","0.00K","0.00%"
"29-09-2015","3,040.00","3,040.00","3,040.00","3,040.00","","0.00%"
"28-09-2015","3,040.00","3,040.00","3,040.00","3,040.00","","0.00%"
"25-09-2015","3,040.00","3,040.00","3,040.00","3,040.00","","0.00%"
"23-09-2015","3,040.00","3,040.00","3,040.00","3,040.00","","1.33%"
"22-09-2015","3,000.00","3,000.00","3,000.00","3,000.00","","0.00%"
"21-09-2015","3,000.00","3,000.00","3,000.00","3,000.00","","-1.64%"
"18-09-2015","3,050.00","3,050.00","3,050.00","3,050.00","","0.00%"
"17-09-2015","3,050.00","3,050.00","3,050.00","3,050.00","","0.00%"
"16-09-2015","3,050.00","3,050.00","3,050.00","3,050.00","","0.00%"
"15-09-2015","3,050.00","3,050.00","3,050.00","3,050.00","","0.00%"
"14-09-2015","3,050.00","3,050.00","3,050.00","3,050.00","","0.00%"
"11-09-2015","3,050.00","3,050.00","3,050.00","3,050.00","","0.00%"
"10-09-2015","3,050.00","3,050.00","3,050.00","3,050.00","","0.00%"
"09-09-2015","3,050.00","3,050.00","3,050.00","3,050.00","","0.00%"
"08-09-2015","3,050.00","3,050.00","3,050.00","3,050.00","","0.00%"
"07-09-2015","3,050.00","3,050.00","3,050.00","3,050.00","","0.00%"
"04-09-2015","3,050.00","3,050.00","3,050.00","3,050.00","","0.00%"
"03-09-2015","3,050.00","3,050.00","3,050.00","3,050.00","","0.00%"
"02-09-2015","3,050.00","3,050.00","3,050.00","3,050.00","","0.00%"
"01-09-2015","3,050.00","3,050.00","3,050.00","3,050.00","0.00K","0.00%"
"31-08-2015","3,050.00","3,050.00","3,050.00","3,050.00","","0.00%"
"28-08-2015","3,050.00","3,050.00","3,050.00","3,050.00","","0.00%"
"27-08-2015","3,050.00","3,050.00","3,050.00","3,050.00","","0.00%"
"26-08-2015","3,050.00","3,050.00","3,050.00","3,050.00","","0.00%"
"25-08-2015","3,050.00","3,050.00","3,050.00","3,050.00","","0.00%"
"24-08-2015","3,050.00","3,050.00","3,050.00","3,050.00","0.03K","0.00%"
"21-08-2015","3,050.00","3,050.00","3,050.00","3,050.00","","0.00%"
"20-08-2015","3,050.00","3,050.00","3,050.00","3,050.00","","0.00%"
"19-08-2015","3,050.00","3,050.00","3,050.00","3,050.00","","0.00%"
"18-08-2015","3,050.00","3,050.00","3,050.00","3,050.00","","0.00%"
"17-08-2015","3,050.00","3,050.00","3,050.00","3,050.00","","0.00%"
"14-08-2015","3,050.00","3,050.00","3,050.00","3,050.00","","0.00%"
"13-08-2015","3,050.00","3,050.00","3,050.00","3,050.00","","0.00%"
"12-08-2015","3,050.00","3,050.00","3,050.00","3,050.00","0.00K","0.00%"
"11-08-2015","3,050.00","3,050.00","3,050.00","3,050.00","","0.00%"
"07-08-2015","3,050.00","3,050.00","3,050.00","3,050.00","","0.00%"
"06-08-2015","3,050.00","3,050.00","3,050.00","3,050.00","","0.00%"
"05-08-2015","3,050.00","3,050.00","3,050.00","3,050.00","0.00K","0.00%"
"04-08-2015","3,050.00","3,050.00","3,050.00","3,050.00","","0.00%"
"03-08-2015","3,050.00","3,050.00","3,050.00","3,050.00","","0.00%"
"31-07-2015","3,050.00","3,050.00","3,050.00","3,050.00","","0.00%"
"30-07-2015","3,050.00","3,050.00","3,050.00","3,050.00","","0.00%"
"29-07-2015","3,050.00","3,050.00","3,050.00","3,050.00","","0.00%"
"28-07-2015","3,050.00","3,050.00","3,050.00","3,050.00","0.01K","0.00%"
"27-07-2015","3,050.00","3,050.00","3,050.00","3,050.00","","2.01%"
"24-07-2015","2,990.00","2,990.00","2,990.00","2,990.00","","-0.33%"
"23-07-2015","3,000.00","3,000.00","3,000.00","3,000.00","","0.00%"
"22-07-2015","3,000.00","3,000.00","3,000.00","3,000.00","","0.00%"
"21-07-2015","3,000.00","3,000.00","3,000.00","3,000.00","","0.00%"
"20-07-2015","3,000.00","3,000.00","3,000.00","3,000.00","","0.00%"
"17-07-2015","3,000.00","3,000.00","3,000.00","3,000.00","","0.00%"
"16-07-2015","3,000.00","3,000.00","3,000.00","3,000.00","","0.00%"
"15-07-2015","3,000.00","3,000.00","3,000.00","3,000.00","0.00K","0.00%"
"14-07-2015","3,000.00","3,000.00","3,000.00","3,000.00","0.00K","-1.64%"
"13-07-2015","3,050.00","3,050.00","3,050.00","3,050.00","","0.00%"
"10-07-2015","3,050.00","3,050.00","3,050.00","3,050.00","","0.00%"
"09-07-2015","3,050.00","3,050.00","3,050.00","3,050.00","","0.00%"
"08-07-2015","3,050.00","3,050.00","3,050.00","3,050.00","","0.00%"
"07-07-2015","3,050.00","3,050.00","3,050.00","3,050.00","","0.00%"
"06-07-2015","3,050.00","3,050.00","3,050.00","3,050.00","","0.00%"
"03-07-2015","3,050.00","3,050.00","3,050.00","3,050.00","","0.00%"
"02-07-2015","3,050.00","3,099.00","3,100.00","3,050.00","0.02K","-1.61%"
"01-07-2015","3,100.00","3,080.00","3,100.00","3,080.00","0.00K","1.97%"
"30-06-2015","3,040.00","3,025.00","3,040.00","3,005.00","0.01K","3.05%"
"29-06-2015","2,950.00","2,950.00","2,950.00","2,950.00","","1.03%"
"26-06-2015","2,920.00","2,920.00","2,920.00","2,920.00","0.00K","0.52%"
"25-06-2015","2,905.00","2,900.00","2,900.00","2,900.00","0.00K","0.87%"
"24-06-2015","2,880.00","2,880.00","2,880.00","2,880.00","0.01K","0.00%"
"23-06-2015","2,880.00","2,880.00","2,880.00","2,880.00","","0.00%"
"22-06-2015","2,880.00","2,880.00","2,880.00","2,800.00","0.00K","2.86%"
"19-06-2015","2,800.00","2,800.00","2,800.00","2,800.00","","0.18%"
"18-06-2015","2,795.00","2,795.00","2,795.00","2,795.00","0.00K","2.95%"
"17-06-2015","2,715.00","2,715.00","2,715.00","2,715.00","","0.37%"
"15-06-2015","2,705.00","2,705.00","2,705.00","2,705.00","","0.00%"
"12-06-2015","2,705.00","2,705.00","2,705.00","2,705.00","","0.93%"
"11-06-2015","2,680.00","2,680.00","2,680.00","2,680.00","","0.37%"
"10-06-2015","2,670.00","2,670.00","2,670.00","2,670.00","","0.00%"
"09-06-2015","2,670.00","2,670.00","2,670.00","2,670.00","","0.00%"
"08-06-2015","2,670.00","2,670.00","2,670.00","2,670.00","","0.00%"
"05-06-2015","2,670.00","2,670.00","2,670.00","2,670.00","","1.52%"
"04-06-2015","2,630.00","2,630.00","2,630.00","2,630.00","","0.00%"
"03-06-2015","2,630.00","2,630.00","2,630.00","2,630.00","","0.00%"
"02-06-2015","2,630.00","2,630.00","2,630.00","2,630.00","","1.94%"
"01-06-2015","2,580.00","2,580.00","2,580.00","2,580.00","0.00K","-3.01%"
"29-05-2015","2,660.00","2,660.00","2,660.00","2,660.00","","0.00%"
"28-05-2015","2,660.00","2,660.00","2,660.00","2,660.00","","0.00%"
"27-05-2015","2,660.00","2,660.00","2,660.00","2,660.00","","0.00%"
"26-05-2015","2,660.00","2,660.00","2,660.00","2,660.00","","0.00%"
"25-05-2015","2,660.00","2,660.00","2,660.00","2,660.00","","1.53%"
"22-05-2015","2,620.00","2,620.00","2,620.00","2,620.00","0.00K","0.00%"
"21-05-2015","2,620.00","2,620.00","2,620.00","2,620.00","","0.00%"
"20-05-2015","2,620.00","2,620.00","2,620.00","2,620.00","","0.00%"
"19-05-2015","2,620.00","2,620.00","2,620.00","2,620.00","","0.00%"
"18-05-2015","2,620.00","2,620.00","2,620.00","2,620.00","0.00K","0.77%"
"15-05-2015","2,600.00","2,600.00","2,600.00","2,600.00","","0.00%"
"14-05-2015","2,600.00","2,600.00","2,600.00","2,600.00","","0.00%"
"13-05-2015","2,600.00","2,600.00","2,600.00","2,600.00","","0.00%"
"12-05-2015","2,600.00","2,600.00","2,600.00","2,600.00","","0.00%"
"11-05-2015","2,600.00","2,600.00","2,600.00","2,600.00","","0.00%"
"08-05-2015","2,600.00","2,600.00","2,600.00","2,600.00","","0.00%"
"07-05-2015","2,600.00","2,600.00","2,600.00","2,600.00","","0.00%"
"06-05-2015","2,600.00","2,600.00","2,600.00","2,600.00","","0.00%"
"05-05-2015","2,600.00","2,600.00","2,600.00","2,600.00","","0.00%"
"04-05-2015","2,600.00","2,600.00","2,600.00","2,600.00","0.00K","0.00%"
"30-04-2015","2,600.00","2,600.00","2,600.00","2,600.00","","0.00%"
"29-04-2015","2,600.00","2,600.00","2,600.00","2,600.00","0.00K","0.00%"
"28-04-2015","2,600.00","2,600.00","2,600.00","2,600.00","","0.00%"
"24-04-2015","2,600.00","2,600.00","2,600.00","2,600.00","0.00K","0.00%"
"23-04-2015","2,600.00","2,600.00","2,600.00","2,600.00","0.01K","0.00%"
"22-04-2015","2,600.00","2,600.00","2,600.00","2,600.00","0.00K","0.00%"
"21-04-2015","2,600.00","2,600.00","2,600.00","2,600.00","","0.00%"
"20-04-2015","2,600.00","2,600.00","2,600.00","2,600.00","0.00K","1.56%"
"17-04-2015","2,560.00","2,560.00","2,560.00","2,560.00","","0.59%"
"16-04-2015","2,545.00","2,545.00","2,545.00","2,545.00","","0.00%"
"15-04-2015","2,545.00","2,545.00","2,545.00","2,545.00","","1.60%"
"14-04-2015","2,505.00","2,505.00","2,500.00","2,500.00","0.00K","0.20%"
"13-04-2015","2,500.00","2,485.00","2,505.00","2,485.00","0.01K","3.09%"
"10-04-2015","2,425.00","2,425.00","2,425.00","2,425.00","","0.00%"
"09-04-2015","2,425.00","2,425.00","2,425.00","2,425.00","","1.04%"
"08-04-2015","2,400.00","2,400.00","2,400.00","2,400.00","0.00K","-3.03%"
"07-04-2015","2,475.00","2,475.00","2,475.00","2,475.00","","0.00%"
"02-04-2015","2,475.00","2,475.00","2,475.00","2,475.00","","0.00%"
"01-04-2015","2,475.00","2,475.00","2,475.00","2,475.00","","0.00%"
"31-03-2015","2,475.00","2,475.00","2,475.00","2,475.00","","0.00%"
"30-03-2015","2,475.00","2,475.00","2,475.00","2,475.00","","0.00%"
"27-03-2015","2,475.00","2,475.00","2,475.00","2,475.00","","0.00%"
"26-03-2015","2,475.00","2,475.00","2,475.00","2,475.00","","0.00%"
"25-03-2015","2,475.00","2,475.00","2,475.00","2,475.00","","1.02%"
"24-03-2015","2,450.00","2,450.00","2,450.00","2,450.00","","-1.80%"
"23-03-2015","2,495.00","2,495.00","2,495.00","2,495.00","","0.00%"
"20-03-2015","2,495.00","2,495.00","2,495.00","2,495.00","0.00K","6.17%"
"19-03-2015","2,350.00","2,350.00","2,350.00","2,350.00","","2.17%"
"18-03-2015","2,300.00","2,300.00","2,300.00","2,300.00","0.00K","-4.17%"
"17-03-2015","2,400.00","2,400.00","2,400.00","2,400.00","","0.00%"
"16-03-2015","2,400.00","2,450.00","2,450.00","2,400.00","0.01K","-2.04%"
"13-03-2015","2,450.00","2,450.00","2,450.00","2,450.00","","1.62%"
"12-03-2015","2,411.00","2,411.00","2,411.00","2,411.00","","0.00%"
"11-03-2015","2,411.00","2,411.00","2,411.00","2,411.00","","0.00%"
"10-03-2015","2,411.00","2,411.00","2,411.00","2,411.00","","0.00%"
"09-03-2015","2,411.00","2,411.00","2,411.00","2,411.00","","0.00%"
"06-03-2015","2,411.00","2,411.00","2,411.00","2,411.00","","0.00%"
"05-03-2015","2,411.00","2,411.00","2,411.00","2,411.00","","0.00%"
"04-03-2015","2,411.00","2,411.00","2,411.00","2,411.00","","0.00%"
"03-03-2015","2,411.00","2,411.00","2,411.00","2,411.00","0.01K","0.00%"
"02-03-2015","2,411.00","2,411.00","2,411.00","2,411.00","0.01K","0.00%"
"27-02-2015","2,411.00","2,411.00","2,411.00","2,411.00","","0.00%"
"26-02-2015","2,411.00","2,411.00","2,411.00","2,411.00","","0.00%"
"25-02-2015","2,411.00","2,411.00","2,411.00","2,411.00","","0.00%"
"24-02-2015","2,411.00","2,411.00","2,411.00","2,411.00","","0.00%"
"23-02-2015","2,411.00","2,411.00","2,411.00","2,411.00","","0.00%"
"20-02-2015","2,411.00","2,411.00","2,411.00","2,411.00","","0.00%"
"19-02-2015","2,411.00","2,411.00","2,411.00","2,411.00","","0.00%"
"18-02-2015","2,411.00","2,411.00","2,411.00","2,411.00","0.03K","0.00%"
"17-02-2015","2,411.00","2,411.00","2,411.00","2,411.00","0.00K","3.25%"
"16-02-2015","2,335.00","2,335.00","2,335.00","2,335.00","","3.55%"
"13-02-2015","2,255.00","2,255.00","2,255.00","2,255.00","","0.00%"
"12-02-2015","2,255.00","2,255.00","2,255.00","2,255.00","","0.00%"
"11-02-2015","2,255.00","2,255.00","2,255.00","2,255.00","","1.12%"
"10-02-2015","2,230.00","2,230.00","2,230.00","2,230.00","","3.72%"
"09-02-2015","2,150.00","2,150.00","2,150.00","2,150.00","","0.00%"
"06-02-2015","2,150.00","2,150.00","2,150.00","2,150.00","","0.00%"
"05-02-2015","2,150.00","2,150.00","2,150.00","2,150.00","","0.00%"
"04-02-2015","2,150.00","2,150.00","2,150.00","2,150.00","","0.00%"
"03-02-2015","2,150.00","2,150.00","2,150.00","2,150.00","0.00K","0.00%"
"02-02-2015","2,150.00","2,150.00","2,150.00","2,150.00","0.00K","-3.15%"
"30-01-2015","2,220.00","2,220.00","2,220.00","2,220.00","","0.00%"
"29-01-2015","2,220.00","2,220.00","2,220.00","2,220.00","0.01K","-3.48%"
"28-01-2015","2,300.00","2,300.00","2,300.00","2,300.00","","0.00%"
"27-01-2015","2,300.00","2,300.00","2,300.00","2,300.00","","0.00%"
"26-01-2015","2,300.00","2,300.00","2,300.00","2,300.00","","0.00%"
"23-01-2015","2,300.00","2,300.00","2,300.00","2,300.00","0.01K","0.00%"
"22-01-2015","2,300.00","2,300.00","2,300.00","2,300.00","","0.00%"
"21-01-2015","2,300.00","2,300.00","2,300.00","2,300.00","","0.00%"
"20-01-2015","2,300.00","2,300.00","2,300.00","2,300.00","","0.00%"
"19-01-2015","2,300.00","2,300.00","2,300.00","2,300.00","","0.00%"
"16-01-2015","2,300.00","2,300.00","2,300.00","2,300.00","","0.00%"
"15-01-2015","2,300.00","2,300.00","2,300.00","2,300.00","","-1.29%"
"14-01-2015","2,330.00","2,330.00","2,330.00","2,330.00","","0.00%"
"13-01-2015","2,330.00","2,330.00","2,330.00","2,330.00","","0.00%"
"12-01-2015","2,330.00","2,330.00","2,330.00","2,330.00","","0.00%"
"09-01-2015","2,330.00","2,330.00","2,330.00","2,330.00","","0.00%"
"08-01-2015","2,330.00","2,330.00","2,330.00","2,330.00","","0.00%"
"07-01-2015","2,330.00","2,330.00","2,330.00","2,330.00","","0.00%"
"06-01-2015","2,330.00","2,330.00","2,330.00","2,330.00","","0.00%"
"05-01-2015","2,330.00","2,330.00","2,330.00","2,330.00","","0.00%"
"02-01-2015","2,330.00","2,330.00","2,330.00","2,330.00","","0.00%"
"31-12-2014","2,330.00","2,330.00","2,330.00","2,330.00","","0.00%"
"30-12-2014","2,330.00","2,330.00","2,330.00","2,330.00","","0.00%"
"29-12-2014","2,330.00","2,330.00","2,330.00","2,330.00","","0.00%"
"24-12-2014","2,330.00","2,330.00","2,330.00","2,330.00","","0.00%"
"23-12-2014","2,330.00","2,330.00","2,330.00","2,330.00","","5.91%"
"22-12-2014","2,200.00","2,200.00","2,200.00","2,200.00","","0.00%"
"19-12-2014","2,200.00","2,200.00","2,200.00","2,200.00","","0.00%"